PartitionKey,RowKey,BBCHCode,Botrite,BotriteIndex,BotriteStato,Date,GDDState,OidioPrimaria,OidioPrimariaStato,OidioSecondaria,OidioSecondariaStato,PeronosporaPrimaria,PeronosporaPrimariaStato,PeronosporaSecondaria,PeronosporaSecondariaLAORE,PeronosporaSecondariaLAOREStato,PeronosporaSecondariaStato,SusceptibilityDownyMildew,SusceptibilityGreyMould,SusceptibilityPowderyMildew,hydrothermaltimeDaily_Botrytis_cinerea,hydrothermaltimeDaily_Bremia_lactucae,hydrothermaltimeDaily_Fusarium_spp,hydrothermaltimeDaily_Leveillula_taurica,hydrothermaltimeDaily_Magnaporthe_oryzae,hydrothermaltimeDaily_Monilia_fructigena,hydrothermaltimeDaily_Phytophthora_infestans,hydrothermaltimeDaily_Plasmopara_viticola,hydrothermaltimeDaily_Pseudoperonospora_cubensis,hydrothermaltimeDaily_Puccinia_recondita,hydrothermaltimeDaily_Puccinia_striiformis,hydrothermaltimeDaily_Septoria_spp,hydrothermaltimeDaily_Spilocaea_oleaginea,hydrothermaltimeDaily_Taphrina_deformans,hydrothermaltimeDaily_Uncinula_necator,hydrothermaltimeDaily_Venturia_inaequalis,hydrothermaltimeDaily_Venturia_pyrina,infectionRiskString_Botrytis_cinerea,infectionRiskString_Bremia_lactucae,infectionRiskString_Fusarium_spp,infectionRiskString_Leveillula_taurica,infectionRiskString_Magnaporthe_oryzae,infectionRiskString_Monilia_fructigena,infectionRiskString_Phytophthora_infestans,infectionRiskString_Plasmopara_viticola,infectionRiskString_Pseudoperonospora_cubensis,infectionRiskString_Puccinia_recondita,infectionRiskString_Puccinia_striiformis,infectionRiskString_Septoria_spp,infectionRiskString_Spilocaea_oleaginea,infectionRiskString_Taphrina_deformans,infectionRiskString_Uncinula_necator,infectionRiskString_Venturia_inaequalis,infectionRiskString_Venturia_pyrina,infectionRisk_Botrytis_cinerea,infectionRisk_Bremia_lactucae,infectionRisk_Fusarium_spp,infectionRisk_Leveillula_taurica,infectionRisk_Magnaporthe_oryzae,infectionRisk_Monilia_fructigena,infectionRisk_Phytophthora_infestans,infectionRisk_Plasmopara_viticola,infectionRisk_Pseudoperonospora_cubensis,infectionRisk_Puccinia_recondita,infectionRisk_Puccinia_striiformis,infectionRisk_Septoria_spp,infectionRisk_Spilocaea_oleaginea,infectionRisk_Taphrina_deformans,infectionRisk_Uncinula_necator,infectionRisk_Venturia_inaequalis,infectionRisk_Venturia_pyrina,lw,rain,rhmax,rhmin,tmax,tmin
5112,2024-01-01 23:00:00+00:00,0,0,0,186,2024-01-01T23:00:00Z,1.5978211617745386,0,12,-10,0,0,15,0,0.29528723852609234,899.8844477546089,0,0,0,0,,,,,,,,,,,,,,,,,,,,,,,,,,,,,,,,,,,,,,,,,,,,,,,,,,,,,,,,,
5112,2024-01-02 23:00:00+00:00,0,0,0,186,2024-01-02T23:00:00Z,1.5978211617745386,0,12,-10,0,0,15,0,0,899.8844477546089,0,0,0,0,,,,,,,,,,,,,,,,,,,,,,,,,,,,,,,,,,,,,,,,,,,,,,,,,,,,,,,,,
5112,2024-01-03 23:00:00+00:00,0,0,0,186,2024-01-03T23:00:00Z,2.724257748358634,0,12,-10,0,0,15,0,0.2894884289608154,900.1739361835697,0,0,0,0,,,,,,,,,,,,,,,,,,,,,,,,,,,,,,,,,,,,,,,,,,,,,,,,,,,,,,,,,
5112,2024-01-04 23:00:00+00:00,0,0,0,186,2024-01-04T23:00:00Z,2.7562781172732604,0,12,-10,0,0,15,0,0,900.1739361835697,0,0,0,0,,,,,,,,,,,,,,,,,,,,,,,,,,,,,,,,,,,,,,,,,,,,,,,,,,,,,,,,,
5112,2024-01-05 23:00:00+00:00,0,0,0,186,2024-01-05T23:00:00Z,5.549655276797064,0,12,-10,0,0,15,0,0.984958389548644,901.1588945731183,0,0,0,0,,,,,,,,,,,,,,,,,,,,,,,,,,,,,,,,,,,,,,,,,,,,,,,,,,,,,,,,,
5112,2024-01-06 23:00:00+00:00,0,0,0,186,2024-01-06T23:00:00Z,10.676298237991919,0,12,-10,0,1,16,0,4.867541641628315,906.0264362147467,0,0,0,0,,,,,,,,,,,,,,,,,,,,,,,,,,,,,,,,,,,,,,,,,,,,,,,,,,,,,,,,,
5112,2024-01-07 23:00:00+00:00,0,0,0,186,2024-01-07T23:00:00Z,15.060960219761295,0,12,-10,0,0,16,0,3.283500862761044,909.3099370775077,0,0,0,0,,,,,,,,,,,,,,,,,,,,,,,,,,,,,,,,,,,,,,,,,,,,,,,,,,,,,,,,,
5112,2024-01-08 23:00:00+00:00,0,0,0,186,2024-01-08T23:00:00Z,17.304482014323433,0,12,-10,0,0,16,0,0.11004121171625453,909.419978289224,0,0,0,0,,,,,,,,,,,,,,,,,,,,,,,,,,,,,,,,,,,,,,,,,,,,,,,,,,,,,,,,,
5112,2024-01-09 23:00:00+00:00,0,0,0,186,2024-01-09T23:00:00Z,17.304482014323433,0,12,-10,0,0,16,0,0,909.419978289224,0,0,0,0,,,,,,,,,,,,,,,,,,,,,,,,,,,,,,,,,,,,,,,,,,,,,,,,,,,,,,,,,
5112,2024-01-10 23:00:00+00:00,0,0,0,186,2024-01-10T23:00:00Z,17.304482014323433,0,12,-10,0,0,16,0,0,909.419978289224,0,0,0,0,,,,,,,,,,,,,,,,,,,,,,,,,,,,,,,,,,,,,,,,,,,,,,,,,,,,,,,,,
5112,2024-01-11 23:00:00+00:00,0,0,0,186,2024-01-11T23:00:00Z,17.304482014323433,0,12,-10,0,0,16,0,0,909.419978289224,0,0,0,0,,,,,,,,,,,,,,,,,,,,,,,,,,,,,,,,,,,,,,,,,,,,,,,,,,,,,,,,,
5112,2024-01-12 23:00:00+00:00,0,0,0,186,2024-01-12T23:00:00Z,17.304482014323433,0,12,-10,0,0,16,0,0,909.419978289224,0,0,0,0,,,,,,,,,,,,,,,,,,,,,,,,,,,,,,,,,,,,,,,,,,,,,,,,,,,,,,,,,
5112,2024-01-13 23:00:00+00:00,0,0,0,186,2024-01-13T23:00:00Z,17.304482014323433,0,12,-10,0,0,16,0,0,909.419978289224,0,0,0,0,,,,,,,,,,,,,,,,,,,,,,,,,,,,,,,,,,,,,,,,,,,,,,,,,,,,,,,,,
5112,2024-01-14 23:00:00+00:00,0,0,0,186,2024-01-14T23:00:00Z,17.304482014323433,0,12,-10,0,0,16,0,0,909.419978289224,0,0,0,0,,,,,,,,,,,,,,,,,,,,,,,,,,,,,,,,,,,,,,,,,,,,,,,,,,,,,,,,,
5112,2024-01-15 23:00:00+00:00,0,0,0,186,2024-01-15T23:00:00Z,17.304482014323433,0,12,-10,0,0,16,0,0,909.419978289224,0,0,0,0,,,,,,,,,,,,,,,,,,,,,,,,,,,,,,,,,,,,,,,,,,,,,,,,,,,,,,,,,
5112,2024-01-16 23:00:00+00:00,0,0,0,186,2024-01-16T23:00:00Z,17.304482014323433,0,12,-10,0,0,16,0,0,909.419978289224,0,0,0,0,,,,,,,,,,,,,,,,,,,,,,,,,,,,,,,,,,,,,,,,,,,,,,,,,,,,,,,,,
5112,2024-01-17 23:00:00+00:00,0,0,0,186,2024-01-17T23:00:00Z,17.304482014323433,0,12,-10,0,0,16,0,0,909.419978289224,0,0,0,0,,,,,,,,,,,,,,,,,,,,,,,,,,,,,,,,,,,,,,,,,,,,,,,,,,,,,,,,,
5112,2024-01-18 23:00:00+00:00,0,0,0,186,2024-01-18T23:00:00Z,17.75420478762267,0,12,-10,0,0,16,0,0.10832085707464471,909.5282991462987,0,0,0,0,,,,,,,,,,,,,,,,,,,,,,,,,,,,,,,,,,,,,,,,,,,,,,,,,,,,,,,,,
5112,2024-01-19 23:00:00+00:00,0,0,0,186,2024-01-19T23:00:00Z,17.790440832065258,0,12,-10,0,0,16,0,0.2889100716832404,909.8172092179819,0,0,0,0,,,,,,,,,,,,,,,,,,,,,,,,,,,,,,,,,,,,,,,,,,,,,,,,,,,,,,,,,
5112,2024-01-20 23:00:00+00:00,0,0,0,186,2024-01-20T23:00:00Z,17.790440832065258,0,12,-10,0,0,16,0,0,909.8172092179819,0,0,0,0,,,,,,,,,,,,,,,,,,,,,,,,,,,,,,,,,,,,,,,,,,,,,,,,,,,,,,,,,
5112,2024-01-21 23:00:00+00:00,0,0,0,186,2024-01-21T23:00:00Z,17.790440832065258,0,12,-10,0,0,16,0,0,909.8172092179819,0,0,0,0,,,,,,,,,,,,,,,,,,,,,,,,,,,,,,,,,,,,,,,,,,,,,,,,,,,,,,,,,
5112,2024-01-22 23:00:00+00:00,0,0,0,186,2024-01-22T23:00:00Z,17.790440832065258,0,12,-10,0,0,16,0,0,909.8172092179819,0,0,0,0,,,,,,,,,,,,,,,,,,,,,,,,,,,,,,,,,,,,,,,,,,,,,,,,,,,,,,,,,
5112,2024-01-23 23:00:00+00:00,0,0,0,186,2024-01-23T23:00:00Z,17.790440832065258,0,12,-10,0,0,16,0,0,909.8172092179819,0,0,0,0,,,,,,,,,,,,,,,,,,,,,,,,,,,,,,,,,,,,,,,,,,,,,,,,,,,,,,,,,
5112,2024-01-24 23:00:00+00:00,0,0,0,186,2024-01-24T23:00:00Z,17.790440832065258,0,12,-10,0,0,16,0,0,909.8172092179819,0,0,0,0,,,,,,,,,,,,,,,,,,,,,,,,,,,,,,,,,,,,,,,,,,,,,,,,,,,,,,,,,
5112,2024-01-25 23:00:00+00:00,0,0,0,186,2024-01-25T23:00:00Z,17.790440832065258,0,12,-10,0,0,16,0,0,909.8172092179819,0,0,0,0,,,,,,,,,,,,,,,,,,,,,,,,,,,,,,,,,,,,,,,,,,,,,,,,,,,,,,,,,
5112,2024-01-26 23:00:00+00:00,0,0,0,186,2024-01-26T23:00:00Z,17.790440832065258,0,12,-10,0,0,16,0,0,909.8172092179819,0,0,0,0,,,,,,,,,,,,,,,,,,,,,,,,,,,,,,,,,,,,,,,,,,,,,,,,,,,,,,,,,
5112,2024-01-27 23:00:00+00:00,0,0,0,186,2024-01-27T23:00:00Z,17.790440832065258,0,12,-10,0,0,16,0,0,909.8172092179819,0,0,0,0,,,,,,,,,,,,,,,,,,,,,,,,,,,,,,,,,,,,,,,,,,,,,,,,,,,,,,,,,
5112,2024-01-28 23:00:00+00:00,0,0,0,186,2024-01-28T23:00:00Z,17.790440832065258,0,12,-10,0,0,16,0,0,909.8172092179819,0,0,0,0,,,,,,,,,,,,,,,,,,,,,,,,,,,,,,,,,,,,,,,,,,,,,,,,,,,,,,,,,
5112,2024-01-29 23:00:00+00:00,0,0,0,186,2024-01-29T23:00:00Z,17.790440832065258,0,12,-10,0,0,16,0,0,909.8172092179819,0,0,0,0,,,,,,,,,,,,,,,,,,,,,,,,,,,,,,,,,,,,,,,,,,,,,,,,,,,,,,,,,
5112,2024-01-30 23:00:00+00:00,0,0,0,186,2024-01-30T23:00:00Z,17.790440832065258,0,12,-10,0,0,16,0,0,909.8172092179819,0,0,0,0,,,,,,,,,,,,,,,,,,,,,,,,,,,,,,,,,,,,,,,,,,,,,,,,,,,,,,,,,
5112,2024-01-31 23:00:00+00:00,0,0,0,186,2024-01-31T23:00:00Z,17.790440832065258,0,12,-10,0,0,16,0,0,909.8172092179819,0,0,0,0,,,,,,,,,,,,,,,,,,,,,,,,,,,,,,,,,,,,,,,,,,,,,,,,,,,,,,,,,
5112,2024-02-01 23:00:00+00:00,0,0,0,186,2024-02-01T23:00:00Z,17.790440832065258,0,12,-10,0,0,16,0,0,909.8172092179819,0,0,0,0,,,,,,,,,,,,,,,,,,,,,,,,,,,,,,,,,,,,,,,,,,,,,,,,,,,,,,,,,
5112,2024-02-02 23:00:00+00:00,0,0,0,186,2024-02-02T23:00:00Z,17.790440832065258,0,12,-10,0,0,16,0,0.11508326949180724,909.9322924874738,0,0,0,0,,,,,,,,,,,,,,,,,,,,,,,,,,,,,,,,,,,,,,,,,,,,,,,,,,,,,,,,,
5112,2024-02-03 23:00:00+00:00,0,0,0,186,2024-02-03T23:00:00Z,17.790440832065258,0,12,-10,0,0,16,0,0,909.9322924874738,0,0,0,0,,,,,,,,,,,,,,,,,,,,,,,,,,,,,,,,,,,,,,,,,,,,,,,,,,,,,,,,,
5112,2024-02-04 23:00:00+00:00,0,0,0,186,2024-02-04T23:00:00Z,17.790440832065258,0,12,-10,0,0,16,0,0,909.9322924874738,0,0,0,0,,,,,,,,,,,,,,,,,,,,,,,,,,,,,,,,,,,,,,,,,,,,,,,,,,,,,,,,,
5112,2024-02-05 23:00:00+00:00,0,0,0,186,2024-02-05T23:00:00Z,17.953146748357838,0,12,-10,0,0,16,0,0,909.9322924874738,0,0,0,0,,,,,,,,,,,,,,,,,,,,,,,,,,,,,,,,,,,,,,,,,,,,,,,,,,,,,,,,,
5112,2024-02-06 23:00:00+00:00,0,0,0,186,2024-02-06T23:00:00Z,18.310438999792712,0,12,-10,0,0,16,0,0.06457102029183556,909.9968635077656,0,0,0,0,,,,,,,,,,,,,,,,,,,,,,,,,,,,,,,,,,,,,,,,,,,,,,,,,,,,,,,,,
5112,2024-02-07 23:00:00+00:00,0,0,0,186,2024-02-07T23:00:00Z,21.098355905788313,0,12,-10,0,0,16,0,1.5713994548782115,911.5682629626439,0,0,0,0,,,,,,,,,,,,,,,,,,,,,,,,,,,,,,,,,,,,,,,,,,,,,,,,,,,,,,,,,
5112,2024-02-08 23:00:00+00:00,0,0,0,186,2024-02-08T23:00:00Z,24.352081541065598,0,12,-10,0,0,16,0,0.007554635583199663,911.5758175982271,0,0,0,0,,,,,,,,,,,,,,,,,,,,,,,,,,,,,,,,,,,,,,,,,,,,,,,,,,,,,,,,,
5112,2024-02-09 23:00:00+00:00,0,0,0,186,2024-02-09T23:00:00Z,28.85467049095883,0,12,-10,0,0,16,0,3.9358558705100006,915.5116734687371,0,0,0,0,,,,,,,,,,,,,,,,,,,,,,,,,,,,,,,,,,,,,,,,,,,,,,,,,,,,,,,,,
5112,2024-02-10 23:00:00+00:00,1,0,0,186,2024-02-10T23:00:00Z,35.59551584702683,1,13,-10,0,0,16,0,6.412682910172496,921.9243563789096,0,0,0,0,,,,,,,,,,,,,,,,,,,,,,,,,,,,,,,,,,,,,,,,,,,,,,,,,,,,,,,,,
5112,2024-02-11 23:00:00+00:00,1,0,0,186,2024-02-11T23:00:00Z,43.069627519397635,0,13,-10,0,1,17,0,5.245853086252685,927.1702094651623,0,0,0,0,,,,,,,,,,,,,,,,,,,,,,,,,,,,,,,,,,,,,,,,,,,,,,,,,,,,,,,,,
5112,2024-02-12 23:00:00+00:00,1,0,0,186,2024-02-12T23:00:00Z,48.1246058828898,0,13,-10,0,0,17,0,2.4128009933473766,929.5830104585096,0,0,0,0,,,,,,,,,,,,,,,,,,,,,,,,,,,,,,,,,,,,,,,,,,,,,,,,,,,,,,,,,
5112,2024-02-13 23:00:00+00:00,1,0,0,186,2024-02-13T23:00:00Z,52.07061731309807,0,13,-10,0,0,17,0,0,929.5830104585096,0,0,0,0,,,,,,,,,,,,,,,,,,,,,,,,,,,,,,,,,,,,,,,,,,,,,,,,,,,,,,,,,
5112,2024-02-14 23:00:00+00:00,0,0,0,186,2024-02-14T23:00:00Z,0,0,13,0,0,0,17,0,0,929.5830104585096,0,0,0,0,0,0,0,0,0,0,0,0,0,0,0,0,0,0,0,0,0,molto basso,molto basso,molto basso,molto basso,molto basso,molto basso,molto basso,molto basso,molto basso,molto basso,molto basso,molto basso,molto basso,molto basso,molto basso,molto basso,molto basso,0,0,0,0,0,0,0,0,0,0,0,0,0,0,0,0,0,0,0,NaN,NaN,3,3
5112,2024-02-15 23:00:00+00:00,0,0,0,186,2024-02-15T23:00:00Z,0.11969976488155366,0,13,0,0,0,17,0,0,929.5830104585096,0,0,0,0,0,0,0,0.03409890545110497,0,0,0,0,0,0.13341078379965632,0,0,0,0,0,0,0.053816435997672704,molto basso,molto basso,molto basso,molto basso,molto basso,molto basso,molto basso,molto basso,molto basso,molto basso,molto basso,molto basso,molto basso,molto basso,molto basso,molto basso,molto basso,0,0,0,0,0,0,0,0,0,0,0,0,0,0,0,0,0,2,0.4,85,52,9.4,2.3
5112,2024-02-16 23:00:00+00:00,0,0,0,186,2024-02-16T23:00:00Z,0.11969976488155366,0,13,0,0,0,17,0,0,929.5830104585096,0,0,0,0,0,0,0,0.0019587976861385557,0,0,0,0,0,0.008118495982197561,0,0,0,0,0,0,0.003103103088950659,molto basso,molto basso,molto basso,molto basso,molto basso,molto basso,molto basso,molto basso,molto basso,molto basso,molto basso,molto basso,molto basso,molto basso,molto basso,molto basso,molto basso,0,0,0,0,0,0,0,0,0,0,0,0,0,0,0,0,0,2,0.4,82,49,8.2,1
5112,2024-02-17 23:00:00+00:00,0,0,0,186,2024-02-17T23:00:00Z,1.5990767015624716,0,13,0,0,0,17,0,0,929.5830104585096,0,0,0,0,0,0,0,0.06428002842444247,0,0,0,0,0,0.2510803637591391,0,0,0,0,0,0,0.10142856717836965,molto basso,molto basso,molto basso,molto basso,molto basso,molto basso,molto basso,molto basso,molto basso,molto basso,molto basso,molto basso,molto basso,molto basso,molto basso,molto basso,molto basso,0,0,0,0,0,0,0,0,0,0,0,0,0,0,0,0,0,5,0.4,86,42,13.6,2.9
5112,2024-02-18 23:00:00+00:00,0,0,0,186,2024-02-18T23:00:00Z,8.734351264072885,0,13,0,0,0,17,0,1.2390413829566504,930.8220518414663,0,0,0,0,0,3.0008952704639156,0.10487954585264578,2.1223702996605263,0,0,1.2305415291564272,0,1.4464876151721227,6.2262734610175725,9.874213825660036,0,1.2305415291564272,1.0835510260222192,0,0.6287539154294689,3.2638538766370058,molto basso,basso,molto basso,basso,molto basso,molto basso,molto basso,molto basso,medio,alto,alto,molto basso,molto basso,molto basso,molto basso,molto basso,basso,0,1,0,1,0,0,0,0,2,3,3,0,0,0,0,0,1,12,0,93,47,17.3,7.1
5112,2024-02-19 23:00:00+00:00,0,0,0,186,2024-02-19T23:00:00Z,15.13932329455332,0,13,0,0,0,17,0,0.27009329750798466,931.0921451389743,0,0,0,0,0,0.503838594239977,0.009898367173489183,0.37072633706874625,0,0,0.20343635732949547,0,0.23960084223362496,1.10071009719112,1.763939827062468,0,0.20343635732949547,0.17893488219304413,0,0.09611756523437574,0.5709203772797979,molto basso,molto basso,molto basso,molto basso,molto basso,molto basso,molto basso,molto basso,molto basso,molto basso,basso,molto basso,molto basso,molto basso,molto basso,molto basso,molto basso,0,0,0,0,0,0,0,0,0,0,1,0,0,0,0,0,0,3,0.4,90,42,17.1,5.7
5112,2024-02-20 23:00:00+00:00,0,0,0,186,2024-02-20T23:00:00Z,20.901356807420363,0,13,0,0,0,17,0,0.030359611205966704,931.1225047501803,0,0,0,0,0,0,0,0.05344708323654226,0,0,0,0,0,0.19325856256167395,0,0,0,0,0,0,0.0838590872832202,molto basso,molto basso,molto basso,molto basso,molto basso,molto basso,molto basso,molto basso,molto basso,molto basso,molto basso,molto basso,molto basso,molto basso,molto basso,molto basso,molto basso,0,0,0,0,0,0,0,0,0,0,0,0,0,0,0,0,0,1,0,86,37,17.5,4.6
5112,2024-02-21 23:00:00+00:00,0,0,0,186,2024-02-21T23:00:00Z,25.61112408013229,0,13,0,0,0,17,0,0.05561521755209433,931.1781199677324,0,0,0,0,0,0.05057586193680948,0,0.1376308281505138,0,0,0.018159032327397653,0,0.02169432866758286,0.4707572136898823,0.28963706191989935,0,0.018159032327397653,0.015843585974650694,0,0,0.21486461171370091,molto basso,molto basso,molto basso,molto basso,molto basso,molto basso,molto basso,molto basso,molto basso,molto basso,molto basso,molto basso,molto basso,molto basso,molto basso,molto basso,molto basso,0,0,0,0,0,0,0,0,0,0,0,0,0,0,0,0,0,2,0.2,86,37,16.4,3.9
5112,2024-02-22 23:00:00+00:00,0,0,0,186,2024-02-22T23:00:00Z,29.40659925266779,0,13,0,0,0,17,0,1.4055126676396121,932.583632635372,0,0,0,0,0.023505981085555926,3.4404158118762664,0.5075632639700887,2.377139460037597,0.005257581237762823,0,1.590761893985991,0.020831251609747064,1.8411227210632664,6.579352408631169,7.2780696483601615,0.008883329597375113,1.590761893985991,1.4136579546695909,0,1.1029111504426372,3.6228806376502365,molto basso,basso,molto basso,basso,molto basso,molto basso,molto basso,molto basso,medio,alto,alto,molto basso,molto basso,molto basso,molto basso,molto basso,basso,0,1,0,1,0,0,0,0,2,3,3,0,0,0,0,0,1,13,2.6,94,66,10.6,5.4
5112,2024-02-23 23:00:00+00:00,1,0,0,0,2024-02-23T23:00:00Z,35.6313675651905,0,0,0,0,0,0,0,4.909164837414466,4.909164837414466,0,0,0,0,0.7640792418031164,15.681791406727662,3.2108830955384184,9.055099084502448,0.1921642560260376,0,7.81987222425753,0.6937996664555464,8.961783425529742,22.588930855608545,23.502076094213596,0.31526435759526944,7.81987222425753,6.990873722952181,0,6.13073390896874,13.608435887708538,molto basso,alto,molto basso,alto,molto basso,molto basso,alto,basso,molto alto,molto alto,molto alto,molto basso,medio,basso,molto basso,alto,alto,0,3,0,3,0,0,3,1,4,4,4,0,2,1,0,3,3,21,27.8,100,76,12.5,8.3
5112,2024-02-24 23:00:00+00:00,1,0,0,0,2024-02-24T23:00:00Z,38.745020841994666,0,0,0,0,0,0,0,0.014877342635736611,4.924042180050203,0,0,0,0,0,0,0,0.1700212251352213,0,0,0,0,0,0.6383172284202585,0,0,0,0,0,0,0.2675395729238138,molto basso,molto basso,molto basso,molto basso,molto basso,molto basso,molto basso,molto basso,molto basso,molto basso,molto basso,molto basso,molto basso,molto basso,molto basso,molto basso,molto basso,0,0,0,0,0,0,0,0,0,0,0,0,0,0,0,0,0,5,0.2,88,46,13.6,3.8
5112,2024-02-25 23:00:00+00:00,1,0,0,0,2024-02-25T23:00:00Z,42.84823827760914,0,0,0,0,0,0,0,0.7401642321298888,5.664206412180092,0,0,0,0,0.19224400443837464,1.8265172104867415,0.4587245776938982,1.4435318545821119,0.04868956957713155,0,0.9616690397836588,0.1748335838316642,1.0935282932481605,3.8460948059671667,2.71591317385278,0.07974719228160489,0.9616690397836588,0.8639382668699129,0,0.7523599720969325,2.178781537373535,molto basso,molto basso,molto basso,molto basso,molto basso,molto basso,molto basso,molto basso,basso,medio,basso,molto basso,molto basso,molto basso,molto basso,molto basso,basso,0,0,0,0,0,0,0,0,1,2,1,0,0,0,0,0,1,9,4,92,54,13.2,5.2
5112,2024-02-26 23:00:00+00:00,1,0,0,0,2024-02-26T23:00:00Z,44.74963958068583,0,0,0,0,0,0,0,0.8914152157371993,6.555621627917291,0,0,0,0,0.003399594601965386,3.0369564855082154,0.38019929766866106,1.8116482012224893,0.0007360562954969498,0,1.3776967761662564,0.002991240516085273,1.5987966114183532,4.893662510361813,6.579623818248924,0.0012538100391808193,1.3776967761662564,1.222312249049735,0,0.9540721700531282,2.7561926108856003,molto basso,basso,molto basso,molto basso,molto basso,molto basso,molto basso,molto basso,medio,medio,alto,molto basso,molto basso,molto basso,molto basso,molto basso,basso,0,1,0,0,0,0,0,0,2,2,3,0,0,0,0,0,1,9,9,87,50,10.9,2.9
5112,2024-02-27 23:00:00+00:00,1,0,0,0,2024-02-27T23:00:00Z,50.30752076209447,0,0,0,0,0,0,0,4.710358454825597,11.265980082742889,0,0,0,0,0.1826920337019752,12.533571540367028,2.3492653984441567,6.835683165604865,0.0413404919275874,0,6.099081387337211,0.16230392319420736,7.015526185344665,17.051795193135792,19.21167761622587,0.06964486518771389,6.099081387337211,5.439665265709106,0,4.741571131234513,10.292410735361559,molto basso,alto,molto basso,medio,molto basso,molto basso,alto,molto basso,molto alto,molto alto,molto alto,molto basso,basso,basso,molto basso,medio,alto,0,3,0,2,0,0,3,0,4,4,4,0,1,1,0,2,3,22,22.4,100,80,11.2,7.9
5112,2024-02-28 23:00:00+00:00,3,0,0,0,2024-02-28T23:00:00Z,58.81780979114268,1,1,0,0,1,1,0,6.25143541359743,17.51741549634032,0,0,0,0,1.5430374581186048,13.863928290303352,4.053065230490643,7.405047888755959,0.3974352020324996,0,7.667359902555766,1.4066533538181831,8.673659074257385,16.172265237789645,10.844509739974379,0.647861633352194,7.667359902555766,6.90838044060244,0,6.659860801257102,10.918435171503242,basso,alto,basso,alto,molto basso,molto basso,alto,medio,molto alto,molto alto,alto,molto basso,basso,basso,molto basso,alto,alto,1,3,1,3,0,0,3,2,4,4,3,0,1,1,0,3,3,19,9.599999999999998,100,76,14.9,10.1
5112,2024-02-29 23:00:00+00:00,3,0,0,0,2024-02-29T23:00:00Z,69.12114772050805,0,1,0,0,0,1,0,4.390013241020987,21.907428737361307,0,0,0,0,1.47465278390913,9.661209660784431,3.0664415626030737,5.209842253904212,0.3883750015643438,0,5.5154117916172885,1.3495352665569096,6.212687069962996,11.010786772388558,6.401042969616429,0.6294100362135638,5.5154117916172885,4.982785642858593,0,4.87219244587013,7.63616324533436,basso,alto,molto basso,medio,molto basso,molto basso,medio,basso,molto alto,alto,alto,molto basso,basso,basso,molto basso,medio,alto,1,3,0,2,0,0,2,1,4,3,3,0,1,1,0,2,3,12,0.4,100,69,16.2,10.1
5112,2024-03-01 23:00:00+00:00,3,0,0,0,2024-03-01T23:00:00Z,77.21336953210388,1,2,0,0,0,1,0,8.665708185317765,30.573136922679073,0,0,0,0,2.7758864071697986,18.65575827959995,5.88267553840667,10.00357963878813,0.7041488472390757,0,10.60867945206427,2.5241557345827874,11.959486299611363,21.203510421311183,12.040145440855783,1.1525519156759836,10.60867945206427,9.578571865989497,0,9.373707277626643,14.681233810696332,basso,molto alto,basso,alto,molto basso,molto basso,alto,medio,molto alto,molto alto,molto alto,molto basso,alto,medio,molto basso,alto,alto,1,4,1,3,0,0,3,2,4,4,4,0,3,2,0,3,3,24,3.9999999999999996,100,87,13.2,10.2
5112,2024-03-02 23:00:00+00:00,3,21,87.5,21,2024-03-02T23:00:00Z,83.94223508345227,0,2,0,0,0,1,0,6.351343287746462,36.924480210425536,0,0,0,0,3.8001571812303503,33.82558998155659,9.658837997637463,18.099706916600013,0.9570655812280824,0,18.564155155575655,3.4507621105854285,21.021578858635678,39.91316507010041,28.121094812156386,1.5693901715793075,18.564155155575655,16.716107226410898,0,16.026060975875506,26.729265875461984,alto,molto alto,medio,molto alto,molto basso,molto basso,molto alto,alto,molto alto,molto alto,molto alto,molto basso,alto,alto,molto basso,molto alto,molto alto,3,4,2,4,0,0,4,3,4,4,4,0,3,3,0,4,4,23,11.2,100,84,12.4,9.3
5112,2024-03-03 23:00:00+00:00,3,5,20.833333333333336,26,2024-03-03T23:00:00Z,90.91040981527848,0,2,0,0,0,1,0,2.224643261937132,39.14912347236267,0,0,0,0,0.1139094714625311,5.960409313850138,0.951413290999727,3.3731435846371087,0.027383320792566283,0,2.815804871877245,0.10250276451573302,3.250360888653166,8.706110819310185,10.928787316449714,0.04543947902326844,2.815804871877245,2.506237626533972,0,2.0835557011911647,5.100711932542786,molto basso,medio,molto basso,basso,molto basso,molto basso,basso,molto basso,alto,alto,alto,molto basso,molto basso,molto basso,molto basso,basso,medio,0,2,0,1,0,0,1,0,3,3,3,0,0,0,0,1,2,12,5.8,98,61,14.7,7.6
5112,2024-03-04 23:00:00+00:00,3,0,0,26,2024-03-04T23:00:00Z,99.33404498182061,0,2,0,0,0,1,0,5.474474537173432,44.623598009536096,0,0,0,0,0.8802266999832437,12.39954572155578,3.275505389536292,6.5697137797397085,0.21583993026678064,0,6.613473283614065,0.7950570821128291,7.518331004111405,14.881453189396499,11.516213461107991,0.35632171780092625,6.613473283614065,5.9405017338915265,0,5.621569007701743,9.749963120037625,molto basso,alto,molto basso,medio,molto basso,molto basso,alto,basso,molto alto,molto alto,alto,molto basso,basso,basso,molto basso,medio,alto,0,3,0,2,0,0,3,1,4,4,3,0,1,1,0,2,3,18,19.4,100,73,15.2,9.9
5112,2024-03-05 23:00:00+00:00,5,0,0,26,2024-03-05T23:00:00Z,108.10277183158132,0,2,0,0,0,1,0,0.8350471490750386,45.458645158611134,0,0,0,0,0.4489905320924624,1.919695108419697,0.668372306545543,1.208527389463944,0.11656183372539447,0,1.1391085351946133,0.41034757902065394,1.2763380823211232,2.6720310138154004,1.3540399822769094,0.18974374490530754,1.1391085351946133,1.0325072974176948,0,1.0009569696573424,1.7752974015686465,molto basso,molto basso,molto basso,molto basso,molto basso,molto basso,molto basso,molto basso,basso,basso,molto basso,molto basso,molto basso,molto basso,molto basso,molto basso,molto basso,0,0,0,0,0,0,0,0,1,1,0,0,0,0,0,0,0,4,0.4,88,39,18.2,5.9
5112,2024-03-06 23:00:00+00:00,5,0,0,26,2024-03-06T23:00:00Z,115.55317119558356,0,2,0,0,0,1,0,5.477679397793794,50.93632455640493,0,0,0,0,0.9123312522972401,12.86371498632843,3.3298837359649482,6.833340335656898,0.22222876284958737,0,6.820929381758923,0.8230843810571354,7.759684839606469,15.589967473488061,12.524225315675203,0.36751893143174363,6.820929381758923,6.1242518993006865,0,5.765447566853485,10.151450632217728,molto basso,alto,basso,medio,molto basso,molto basso,alto,basso,molto alto,molto alto,molto alto,molto basso,basso,basso,molto basso,medio,alto,0,3,1,2,0,0,3,1,4,4,4,0,1,1,0,2,3,19,1.2,100,79,13.3,9.3
5112,2024-03-07 23:00:00+00:00,5,0,0,26,2024-03-07T23:00:00Z,120.99108583282897,0,2,0,0,0,1,0,2.6665766707316676,53.60290122713659,0,0,0,0,0.010376352181135334,6.947445594512263,0.9017615630767316,3.978387223614608,0.0022588707433759438,0,3.1615708388993817,0.009140990578630178,3.6679581011655094,10.57860703664578,14.48393296929298,0.003842561375627712,3.1615708388993817,2.8053635543036233,0,2.2292537729692463,6.044077720027267,molto basso,alto,molto basso,basso,molto basso,molto basso,basso,molto basso,alto,alto,molto alto,molto basso,molto basso,molto basso,molto basso,basso,medio,0,3,0,1,0,0,1,0,3,3,4,0,0,0,0,1,2,16,1.4,100,79,11.8,8.2
5112,2024-03-08 23:00:00+00:00,5,0,0,26,2024-03-08T23:00:00Z,123.0797455708056,0,2,0,0,0,1,0,1.6217605971635514,55.22466182430014,0,0,0,0,0,3.718383439041607,0.03361645680473901,3.2190212424759586,0,0,1.46280341375867,0,1.7282518358225667,9.849884497728478,14.693811006019477,0,1.46280341375867,1.284338460630154,0,0.544412374662315,4.972920772721309,molto basso,basso,molto basso,basso,molto basso,molto basso,molto basso,molto basso,medio,alto,molto alto,molto basso,molto basso,molto basso,molto basso,molto basso,medio,0,1,0,1,0,0,0,0,2,3,4,0,0,0,0,0,2,21,3.2,96,85,8.2,6.4
5112,2024-03-09 23:00:00+00:00,5,0,0,26,2024-03-09T23:00:00Z,126.55985850308201,0,2,0,0,0,1,0,1.315931749889374,56.540593574189515,0,0,0,0,0,6.732077829823416,0.16080208137449226,5.625230282442994,0,0,2.692675268586527,0,3.1744372011613584,17.051744160219787,25.212027706973053,0,2.692675268586527,2.367153561287179,0,1.1115035552944548,8.680003154421408,molto basso,medio,molto basso,medio,molto basso,molto basso,basso,molto basso,alto,molto alto,molto alto,molto basso,molto basso,molto basso,molto basso,molto basso,alto,0,2,0,2,0,0,1,0,3,4,4,0,0,0,0,0,3,15,12,97,72,10.9,6.5
5112,2024-03-10 23:00:00+00:00,5,0,0,26,2024-03-10T23:00:00Z,131.49556579071154,0,2,0,0,0,1,0,3.4296556774414846,59.970249251631,0,0,0,0,0.8727893986178936,8.681151439920189,1.9669215921583107,4.9901422852957635,0.23683893929188826,0,4.497518747993439,0.8040086074383705,5.1238269829369445,11.983043089143106,12.64082608944807,0.3811707689723957,4.497518747993439,4.036265283794067,0,3.5871905713657446,7.443551661357657,molto basso,alto,molto basso,medio,molto basso,molto basso,medio,basso,alto,molto alto,molto alto,molto basso,basso,basso,molto basso,basso,alto,0,3,0,2,0,0,2,1,3,4,4,0,1,1,0,1,3,17,27.200000000000003,96,61,13.2,6.5
5112,2024-03-11 23:00:00+00:00,5,0,0,26,2024-03-11T23:00:00Z,136.8196257126717,0,2,0,0,0,1,0,0.059289374839248676,60.02953862647025,0,0,0,0,0,0.01249252306088695,0,0.18125937488585153,0,0,0.004323802483243713,0,0.005188363244839853,0.6427386920611913,0.08268579027145716,0,0.004323802483243713,0.003763240522723976,0,0,0.28391556564342535,molto basso,molto basso,molto basso,molto basso,molto basso,molto basso,molto basso,molto basso,molto basso,molto basso,molto basso,molto basso,molto basso,molto basso,molto basso,molto basso,molto basso,0,0,0,0,0,0,0,0,0,0,0,0,0,0,0,0,0,3,0.2,88,41,15.8,4.3
5112,2024-03-12 23:00:00+00:00,5,0,0,26,2024-03-12T23:00:00Z,143.16454455965945,0,2,0,0,0,1,0,1.5432654810147777,61.57280410748503,0,0,0,0,0,3.982229850994859,0.3298357937980914,2.4865439279394588,0,0,1.7199819165660266,0,2.0087143957080222,6.96086370135959,10.49389644791922,0,1.7199819165660266,1.5202616634969717,0,1.0702793982394545,3.80251269009281,molto basso,basso,molto basso,basso,molto basso,molto basso,molto basso,molto basso,medio,alto,alto,molto basso,molto basso,molto basso,molto basso,molto basso,basso,0,1,0,1,0,0,0,0,2,3,3,0,0,0,0,0,1,12,0.2,96,56,15.1,7.1
5112,2024-03-13 23:00:00+00:00,5,0,0,26,2024-03-13T23:00:00Z,150.35940116180478,0,2,0,0,0,1,0,1.1522024012287115,62.72500650871374,0,0,0,0,0,2.6987616780413815,0.10278808913965941,1.9192182880096664,0,0,1.1094693662885522,0,1.303707519120357,5.629484833702975,8.835056632725115,0,1.1094693662885522,0.9771487663128332,0,0.5685182867545294,2.9511841085206267,molto basso,basso,molto basso,molto basso,molto basso,molto basso,molto basso,molto basso,basso,alto,alto,molto basso,molto basso,molto basso,molto basso,molto basso,basso,0,1,0,0,0,0,0,0,1,3,3,0,0,0,0,0,1,11,0.2,94,50,16.7,7.1
5112,2024-03-14 23:00:00+00:00,5,0,0,26,2024-03-14T23:00:00Z,155.53983831633906,0,2,0,0,0,1,0,0.15363846401849046,62.87864497273223,0,0,0,0,0,0.13618845239998545,0,0.3721424704584896,0,0,0.04997814704477509,0,0.059548026370314186,1.2510082441116297,0.7195376185662666,0,0.04997814704477509,0.043671613601124905,0,0.005013439860973824,0.5801861195139362,molto basso,molto basso,molto basso,molto basso,molto basso,molto basso,molto basso,molto basso,molto basso,molto basso,molto basso,molto basso,molto basso,molto basso,molto basso,molto basso,molto basso,0,0,0,0,0,0,0,0,0,0,0,0,0,0,0,0,0,4,0.2,89,42,16.1,5
5112,2024-03-15 23:00:00+00:00,5,0,0,26,2024-03-15T23:00:00Z,162.9961667577013,0,2,0,0,0,1,0,0.3392192237248335,63.217864196457064,0,0,0,0,0,0.7336148875220799,0.04127480213577089,0.5475171750038003,0,0,0.30518808480492493,0,0.3580294228890824,1.6112703742725323,2.3482669552102915,0,0.30518808480492493,0.2690552582868816,0,0.15765983967033312,0.8419003412737609,molto basso,molto basso,molto basso,molto basso,molto basso,molto basso,molto basso,molto basso,molto basso,basso,basso,molto basso,molto basso,molto basso,molto basso,molto basso,molto basso,0,0,0,0,0,0,0,0,0,1,1,0,0,0,0,0,0,3,0.2,94,53,15.2,6.5
5112,2024-03-16 23:00:00+00:00,7,0,0,26,2024-03-16T23:00:00Z,172.55787276541358,0,2,0,0,0,1,0,0.40407839951093383,63.621942595968,0,0,0,0,0,0.5095444885036476,0.0730137259444814,0.2822413061307818,0,0,0.23454286136224603,0,0.2717801371764179,0.7382473778729153,0.9684006990720678,0,0.23454286136224603,0.20825459974955954,0,0.17101619453477296,0.4280531487732306,molto basso,molto basso,molto basso,molto basso,molto basso,molto basso,molto basso,molto basso,molto basso,molto basso,molto basso,molto basso,molto basso,molto basso,molto basso,molto basso,molto basso,0,0,0,0,0,0,0,0,0,0,0,0,0,0,0,0,0,2,0,95,51,17.6,8.2
5112,2024-03-17 23:00:00+00:00,7,0,0,26,2024-03-17T23:00:00Z,179.46628067685157,0,2,0,0,0,1,0,0.23010317034409963,63.8520457663121,0,0,0,0,0,0.2662968402315602,0,0.5345262829297474,0,0,0.09674030830511726,0,0.11540809557371232,1.7678775399213467,1.4602536501221524,0,0.09674030830511726,0.08447348420585513,0,0.004458796594711413,0.8321959195308686,molto basso,molto basso,molto basso,molto basso,molto basso,molto basso,molto basso,molto basso,molto basso,basso,molto basso,molto basso,molto basso,molto basso,molto basso,molto basso,molto basso,0,0,0,0,0,0,0,0,0,1,0,0,0,0,0,0,0,5,0.2,90,43,16.7,5.6
5112,2024-03-18 23:00:00+00:00,8,0,0,26,2024-03-18T23:00:00Z,187.76819757339698,1,3,0,0,0,1,0,6.443881177527371,70.29592694383948,0,0,0,0.4,2.1413475528875834,13.878338113253777,4.291345641740254,7.542256558628481,0.5748824657132756,0,7.864852720638727,1.9670677626592672,8.864609039750095,16.12992902385125,10.461218726763795,0.9272725051964629,7.864852720638727,7.103257212174437,0,6.887146893478803,11.066842110422755,basso,alto,basso,alto,molto basso,molto basso,alto,medio,molto alto,molto alto,alto,molto basso,medio,basso,molto basso,alto,alto,1,3,1,3,0,0,3,2,4,4,3,0,2,1,0,3,3,19,7.000000000000001,100,72,14.4,9.2
5112,2024-03-19 23:00:00+00:00,8,0,0,26,2024-03-19T23:00:00Z,196.77026384121805,0,3,0,0,1,2,0,3.959620201114624,74.2555471449541,0,0,0,0.4,0.1863818871360605,9.466634570398005,2.1621848862914086,4.991304868546478,0.04273893841242658,0,4.820759919655458,0.16603678003930616,5.514440794275822,11.822951737963615,10.834192253053955,0.07175737887514325,4.820759919655458,4.3136537944002,0,3.9664099369267043,7.463300665235899,molto basso,alto,molto basso,medio,molto basso,molto basso,medio,molto basso,alto,alto,alto,molto basso,basso,basso,molto basso,basso,alto,0,3,0,2,0,0,2,0,3,3,3,0,1,1,0,1,3,15,0.2,100,61,17.1,9.5
5112,2024-03-20 23:00:00+00:00,8,0,0,26,2024-03-20T23:00:00Z,206.14886286820683,0,3,0,0,0,2,0,0.4889837158567201,74.74453086081081,0,0,0,0.4,0,0.6595246881408041,0.040112045404936236,0.4276020975351753,0,0,0.2782772880574511,0,0.3259594010397504,1.2202290798232607,1.910534139609879,0,0.2782772880574511,0.2455361723015353,0,0.16172128459543067,0.6554966324706684,molto basso,molto basso,molto basso,molto basso,molto basso,molto basso,molto basso,molto basso,molto basso,molto basso,basso,molto basso,molto basso,molto basso,molto basso,molto basso,molto basso,0,0,0,0,0,0,0,0,0,0,1,0,0,0,0,0,0,3,0,94,50,17.3,7.6
5112,2024-03-21 23:00:00+00:00,9,0,0,26,2024-03-21T23:00:00Z,213.88895773157884,0,3,0,0,0,2,0,1.1739928575580743,75.91852371836889,0,0,0,0.45,0.5124595756318902,2.9010255854258067,0.714811416090347,1.965339967454161,0.13774798754520223,0,1.5568757253223013,0.47133476792444035,1.7632128425008176,4.871440795156172,4.958860746230217,0.2222461378864033,1.5568757253223013,1.402662568443185,0,1.194738276133514,2.9327076155792877,molto basso,basso,molto basso,molto basso,molto basso,molto basso,molto basso,molto basso,medio,medio,medio,molto basso,molto basso,molto basso,molto basso,molto basso,basso,0,1,0,0,0,0,0,0,2,2,2,0,0,0,0,0,1,8,1,93,51,15.6,6.4
5112,2024-03-22 23:00:00+00:00,9,0,0,26,2024-03-22T23:00:00Z,224.28207014540698,0,3,0,0,0,2,0,0.046896759707598136,75.96542047807648,0,0,0,0.45,0,0,0,0.06833027138847302,0,0,0,0,0,0.24069112567146045,0,0,0,0,0,0,0.10698154765431397,molto basso,molto basso,molto basso,molto basso,molto basso,molto basso,molto basso,molto basso,molto basso,molto basso,molto basso,molto basso,molto basso,molto basso,molto basso,molto basso,molto basso,0,0,0,0,0,0,0,0,0,0,0,0,0,0,0,0,0,1,0.2,81,29,20.9,5
5112,2024-03-23 23:00:00+00:00,10,0,0,26,2024-03-23T23:00:00Z,233.5377166448631,0,3,0,0,0,2,0,0.12637965468565468,76.09180013276213,0,0,0,0.5,0,0.11096026926229899,0,0.21784959864798378,0,0,0.040000872445575986,0,0.04776521403413872,0.7197317205504251,0.6253252840305363,0,0.040000872445575986,0.03490989119015116,0,0,0.33914861924875983,molto basso,molto basso,molto basso,molto basso,molto basso,molto basso,molto basso,molto basso,molto basso,molto basso,molto basso,molto basso,molto basso,molto basso,molto basso,molto basso,molto basso,0,0,0,0,0,0,0,0,0,0,0,0,0,0,0,0,0,2,0,88,39,18.2,5.9
5112,2024-03-24 23:00:00+00:00,10,0,0,26,2024-03-24T23:00:00Z,239.96670490508208,0,3,0,0,0,2,0,0.969615340930839,77.06141547369297,0,0,0,0.5,0.24645544357550578,2.6543861465048035,0.6579059900531827,1.5177253651408409,0.06482770409036437,0,1.396929403199249,0.2258190121520555,1.589560763938554,3.6030280937612154,3.07641919408378,0.10518329488558116,1.396929403199249,1.254313651981451,0,1.158857296667925,2.262070384918195,molto basso,basso,molto basso,molto basso,molto basso,molto basso,molto basso,molto basso,medio,medio,basso,molto basso,molto basso,molto basso,molto basso,molto basso,basso,0,1,0,0,0,0,0,0,2,2,1,0,0,0,0,0,1,6,5.6000000000000005,89,43,15.6,4.8
5112,2024-03-25 23:00:00+00:00,10,0,0,26,2024-03-25T23:00:00Z,244.28666400091575,0,3,0,0,0,2,0,0,77.06141547369297,0,0,0,0.5,0,0,0,0,0,0,0,0,0,0,0,0,0,0,0,0,0,molto basso,molto basso,molto basso,molto basso,molto basso,molto basso,molto basso,molto basso,molto basso,molto basso,molto basso,molto basso,molto basso,molto basso,molto basso,molto basso,molto basso,0,0,0,0,0,0,0,0,0,0,0,0,0,0,0,0,0,1,0.2,79,29,16,1
5112,2024-03-26 23:00:00+00:00,10,0,0,26,2024-03-26T23:00:00Z,248.63601919405372,0,3,0,0,0,2,0,2.417675036117377,79.47909050981035,0,0,0,0.5,0.09364884565995639,6.1940236394290515,0.9990939674106678,3.7334154053712894,0.021789195995906244,0,2.9218898574407537,0.08369333369089671,3.3732791778409505,9.83757192757449,11.726985870279329,0.03645257338867089,2.9218898574407537,2.600456771936422,0,2.124390027777645,5.657588605699928,molto basso,medio,molto basso,basso,molto basso,molto basso,basso,molto basso,alto,alto,alto,molto basso,molto basso,molto basso,molto basso,basso,medio,0,2,0,1,0,0,1,0,3,3,3,0,0,0,0,1,2,16,7.000000000000001,95,65,11.5,5.9
5112,2024-03-27 23:00:00+00:00,11,0,0,26,2024-03-27T23:00:00Z,255.50256509373818,1,4,0,0,0,2,0,6.956737923094457,86.4358284329048,0,0,0,0.55,2.0130795306620937,22.18186324630767,5.38120686317802,12.469422979694622,0.5570169586220829,0,11.627604710644283,1.860392134138202,13.232176118952678,29.398668457541127,27.90412581861498,0.8918974171070089,11.627604710644283,10.441231999258548,0,9.515180037691973,18.561158263456132,basso,molto alto,basso,alto,molto basso,molto basso,alto,medio,molto alto,molto alto,molto alto,molto basso,alto,medio,molto basso,alto,molto alto,1,4,1,3,0,0,3,2,4,4,4,0,3,2,0,3,4,24,31.999999999999996,100,75,13.7,9
5112,2024-03-28 23:00:00+00:00,11,0,0,26,2024-03-28T23:00:00Z,258.7450432097919,0,4,0,0,0,2,0,1.0239420430686472,87.45977047597344,0,0,0,0.55,0,2.9261106241678396,0.38672316085130326,1.7869241137666678,0,0,1.3302109983629344,0,1.5437890256052595,4.853933501430114,5.936365296704177,0,1.3302109983629344,1.1800454921440788,0,0.9476715654509549,2.7209580981990045,molto basso,basso,molto basso,molto basso,molto basso,molto basso,molto basso,molto basso,medio,medio,alto,molto basso,molto basso,molto basso,molto basso,molto basso,basso,0,1,0,0,0,0,0,0,2,2,3,0,0,0,0,0,1,8,16.2,92,69,9.3,5
5112,2024-03-29 23:00:00+00:00,11,0,0,26,2024-03-29T23:00:00Z,267.162892800659,0,4,0,0,0,2,0,0.35511777459377203,87.81488825056721,0,0,0,0.55,0,0.7689625809454599,0.05083020063887842,0.6498604758783808,0,0,0.32017077645783865,0,0.3754908238443376,1.948723312490321,2.5346223200517626,0,0.32017077645783865,0.28232642485451886,0,0.15715723833036233,1.0009623695660115,molto basso,molto basso,molto basso,molto basso,molto basso,molto basso,molto basso,molto basso,molto basso,basso,basso,molto basso,molto basso,molto basso,molto basso,molto basso,molto basso,0,0,0,0,0,0,0,0,0,1,1,0,0,0,0,0,0,4,0.2,92,46,16.4,6.1
5112,2024-03-30 23:00:00+00:00,12,0,0,26,2024-03-30T23:00:00Z,279.7991200107541,0,4,0,0,0,2,0,17.569140358505525,105.38402860907273,0,0,0,0.6,14.478492160347129,22.744193176405126,13.71822909658282,15.378387713178226,4.979394045998258,1.861409052855596,18.09072857359324,13.864698911973033,19.471579045469998,22.514388785309073,1.3492515481093608,7.550290404323978,18.09072857359324,16.83541995840672,0.5044188961121551,17.55432196977782,20.795685270457568,molto alto,molto alto,alto,alto,medio,molto basso,molto alto,molto alto,molto alto,molto alto,molto basso,basso,alto,alto,molto basso,molto alto,molto alto,4,4,3,3,2,0,4,4,4,4,0,1,3,3,0,4,4,24,0,100,96,16.3,13.8
5112,2024-03-31 23:00:00+00:00,12,18,75,44,2024-03-31T23:00:00Z,292.0384795565211,0,4,0,0,0,2,0,14.817825010425606,120.20185361949834,0,0,0,0.6,11.839802887198319,20.669718010964225,11.591303670901487,13.422531810790272,3.909014560288491,0.5776494830834086,15.724391468855078,11.271092481317549,17.032012001302245,20.69678744760126,1.9093818504423903,5.988465031947268,15.724391468855078,14.570662798813334,0.15125201198268265,15.151680252189546,18.396695137385475,molto alto,molto alto,alto,alto,basso,molto basso,molto alto,molto alto,molto alto,molto alto,basso,basso,alto,alto,molto basso,molto alto,molto alto,4,4,3,3,1,0,4,4,4,4,1,1,3,3,0,4,4,22,4.6000000000000005,100,84,16.5,12.5
5112,2024-04-01 23:00:00+00:00,13,14,58.333333333333336,58,2024-04-01T23:00:00Z,302.90797514609403,0,4,0,0,0,2,0,7.2090071756992495,127.41086079519759,0,0.03333333333333333,0,0.6333333333333333,4.7784727372148135,12.215453672077759,5.506346992987703,7.188430700533397,1.41658926965472,0,8.210901839495522,4.470545750841242,9.047725359740088,12.74793375100325,2.9828228512835318,2.2294498840447927,8.210901839495522,7.522600863698573,0,7.704754909129301,10.178493666372045,alto,alto,basso,alto,molto basso,molto basso,alto,alto,molto alto,molto alto,basso,molto basso,medio,basso,molto basso,alto,alto,3,3,1,3,0,0,3,3,4,4,1,0,2,1,0,3,3,14,18.799999999999997,100,77,14.9,10.3
5112,2024-04-02 23:00:00+00:00,13,0,0,58,2024-04-02T23:00:00Z,311.69955881167954,0,4,0,0,0,2,0,0.13023643036237806,127.54109722555997,0,0.03333333333333333,0,0.6333333333333333,4.7784727372148135,12.351573893355592,5.506346992987703,7.41263026708244,1.41658926965472,0,8.26151706535991,4.470545750841242,9.10793735289211,13.481018605254947,3.6631380989689197,2.2294498840447927,8.26151706535991,7.566868321532546,0,7.712205707228107,10.527141577115575,alto,alto,basso,alto,molto basso,molto basso,alto,alto,molto alto,molto alto,medio,molto basso,medio,basso,molto basso,alto,alto,3,3,1,3,0,0,3,3,4,4,2,0,2,1,0,3,3,2,0.2,87,37,18.4,5.5
5112,2024-04-03 23:00:00+00:00,14,0,0,58,2024-04-03T23:00:00Z,319.99566819627796,0,4,0,0,0,2,0,1.0816264072397563,128.62272363279973,0,0.06666666666666667,0,0.6666666666666666,0,2.8726515860789665,0.2121668303824582,1.7967673293959103,0,0,1.2286537144219327,0,1.4367724649367686,5.057377984522975,7.808837603308959,0,1.2286537144219327,1.0851452076695305,0,0.7504624243273537,2.749955585623626,molto basso,basso,molto basso,molto basso,molto basso,molto basso,molto basso,molto basso,medio,medio,alto,molto basso,molto basso,molto basso,molto basso,molto basso,basso,0,1,0,0,0,0,0,0,2,2,3,0,0,0,0,0,1,8,0,96,56,15.8,7.6
5112,2024-04-04 23:00:00+00:00,14,0,0,58,2024-04-04T23:00:00Z,330.7988493383058,0,4,0,0,0,2,0,0.21246195037301552,128.83518558317274,0,0.06666666666666667,0,0.6666666666666666,0,0.3564725082333497,0,0.31685740749585234,0,0,0.1385118003720705,0,0.16390255813634774,0.9756849654625382,1.4736117448406898,0,0.1385118003720705,0.12150372752873193,0,0.04623218649172284,0.4898703042294785,molto basso,molto basso,molto basso,molto basso,molto basso,molto basso,molto basso,molto basso,molto basso,molto basso,molto basso,molto basso,molto basso,molto basso,molto basso,molto basso,molto basso,0,0,0,0,0,0,0,0,0,0,0,0,0,0,0,0,0,2,0.2,90,41,18.8,6.9
5112,2024-04-05 23:00:00+00:00,15,0,0,58,2024-04-05T23:00:00Z,343.13511772084684,0,4,0,0,0,2,0,1.5765507760507318,130.41173635922348,0,0.10000000000000002,0,0.7,0.1998397462612527,3.646574102017893,0.9444503108731503,1.9218701140723211,0.04761708314095884,0,1.9297287376213867,0.17945239881721217,2.196338625102195,4.380879634230299,3.4231456576378134,0.0791785326338199,1.9297287376213867,1.7320467631283294,0,1.6354219223393296,2.856195775127254,molto basso,basso,molto basso,molto basso,molto basso,molto basso,basso,molto basso,medio,medio,basso,molto basso,molto basso,molto basso,molto basso,molto basso,basso,0,1,0,0,0,0,1,0,2,2,1,0,0,0,0,0,1,5,0,96,51,20.1,10.2
5112,2024-04-06 23:00:00+00:00,15,0,0,58,2024-04-06T23:00:00Z,355.49760005297844,0,4,0,0,0,2,0,0.7216305916054033,131.13336695082887,0,0.10000000000000002,0,0.7,0,1.7078723896103494,0.29538763780197397,0.9216972115757721,0,0,0.8133726129409338,0,0.9384471041143975,2.332361346433674,2.7465105794326097,0,0.8133726129409338,0.7240599300766809,0,0.6234103886851488,1.3915764205106456,molto basso,molto basso,molto basso,molto basso,molto basso,molto basso,molto basso,molto basso,basso,basso,basso,molto basso,molto basso,molto basso,molto basso,molto basso,molto basso,0,0,0,0,0,0,0,0,1,1,1,0,0,0,0,0,0,3,0.2,89,40,21.8,9.3
5112,2024-04-07 23:00:00+00:00,15,0,0,58,2024-04-07T23:00:00Z,368.5078743659165,0,4,0,0,0,2,0,0.3492481141234644,131.48261506495234,0,0.10000000000000002,0,0.7,0,0.6131520571817489,0.11860175548024343,0.32614935908135767,0,0,0.29901405618527577,0,0.3439669847961415,0.8057482487219072,0.8685428517937436,0,0.29901405618527577,0.26665277155270567,0,0.2361427560031708,0.4907912987559275,molto basso,molto basso,molto basso,molto basso,molto basso,molto basso,molto basso,molto basso,molto basso,molto basso,molto basso,molto basso,molto basso,molto basso,molto basso,molto basso,molto basso,0,0,0,0,0,0,0,0,0,0,0,0,0,0,0,0,0,1,0.2,87,37,23.1,9.8
5112,2024-04-08 23:00:00+00:00,15,0,0,58,2024-04-08T23:00:00Z,381.87907358399,0,4,0,0,0,2,0,1.587085307304382,133.06970037225673,0,0.10000000000000002,0,0.7,0.7013599392413556,3.1311018960242807,1.0911459309605536,1.7674491185826595,0.21184373228933207,0,1.8735268172290718,0.6578785571931355,2.093858561514494,3.5900888315305255,2.186361283081384,0.3317432695684666,1.8735268172290718,1.7017426544352419,0,1.6691072315296713,2.5600909741263145,molto basso,basso,molto basso,molto basso,molto basso,molto basso,basso,basso,medio,medio,basso,molto basso,molto basso,molto basso,molto basso,molto basso,basso,0,1,0,0,0,0,1,1,2,2,1,0,0,0,0,0,1,4,0.4,90,41,22.1,9.9
5112,2024-04-09 23:00:00+00:00,15,0,0,58,2024-04-09T23:00:00Z,395.5739894642503,0,4,0,0,0,2,0,3.6619822946740084,136.73168266693074,0,0.10000000000000002,0,0.7,1.8795539269818282,7.213215386826261,2.723252145452213,3.976769634404105,0.49530607138582894,0,4.42680567488383,1.7224308168606948,4.9415609421065785,7.762174496467425,2.6714088763518213,0.8031725610397943,4.42680567488383,4.021445909572872,0,4.053182245233071,5.753344108712131,basso,alto,molto basso,basso,molto basso,molto basso,medio,medio,alto,alto,basso,molto basso,basso,basso,molto basso,basso,medio,1,3,0,1,0,0,2,2,3,3,1,0,1,1,0,1,2,8,0.2,97,52,21.6,11.9
5112,2024-04-10 23:00:00+00:00,15,0,0,58,2024-04-10T23:00:00Z,409.2247506849168,0,4,0,0,0,2,0,18.083425654135013,154.81510832106574,0,0.10000000000000002,0,0.7,15.592136033574773,20.555556274608033,14.229390519370272,15.167110139119076,5.851721137872749,4.233800148306549,17.856269436501538,15.097467675657008,18.971779929556206,19.988008991592032,0.4589651240720658,8.678007559608169,17.856269436501538,16.768355518039606,1.3988354714522944,17.51108103685204,19.884635823659565,molto alto,molto alto,alto,alto,medio,basso,molto alto,molto alto,molto alto,molto alto,molto basso,medio,alto,alto,molto basso,molto alto,molto alto,4,4,3,3,2,1,4,4,4,4,0,2,3,3,0,4,4,22,1.2000000000000002,100,78,19.8,14.7
5112,2024-04-11 23:00:00+00:00,15,0,0,58,2024-04-11T23:00:00Z,423.8533415441656,0,4,0,0,0,2,0,1.2515267576074258,156.06663507867316,0,0.10000000000000002,0,0.7,0.39546504696070617,2.516846693590123,0.8134885071540038,1.3433607735369735,0.09707960848927956,0,1.4423246432045045,0.3574013159266787,1.6248610912932686,2.816895514408854,1.4261197608903708,0.16025190815915363,1.4423246432045045,1.3027152096890278,0,1.2839499658088753,1.9695744384249583,molto basso,basso,molto basso,molto basso,molto basso,molto basso,molto basso,molto basso,medio,basso,molto basso,molto basso,molto basso,molto basso,molto basso,molto basso,molto basso,0,1,0,0,0,0,0,0,2,1,0,0,0,0,0,0,0,3,0,89,40,24,11.4
5112,2024-04-12 23:00:00+00:00,53,0,0,58,2024-04-12T23:00:00Z,438.9574105102125,0,4,0,0,0,2,0,0,156.06663507867316,0,0.5,0,0.8,0,0,0,0,0,0,0,0,0,0,0,0,0,0,0,0,0,molto basso,molto basso,molto basso,molto basso,molto basso,molto basso,molto basso,molto basso,molto basso,molto basso,molto basso,molto basso,molto basso,molto basso,molto basso,molto basso,molto basso,0,0,0,0,0,0,0,0,0,0,0,0,0,0,0,0,0,0,0,85,36,25.7,11.9
5112,2024-04-13 23:00:00+00:00,53,0,0,58,2024-04-13T23:00:00Z,454.23825760318704,0,4,0,0,0,2,0,0,156.06663507867316,0,0.5,0,0.8,0,0,0,0,0,0,0,0,0,0,0,0,0,0,0,0,0,molto basso,molto basso,molto basso,molto basso,molto basso,molto basso,molto basso,molto basso,molto basso,molto basso,molto basso,molto basso,molto basso,molto basso,molto basso,molto basso,molto basso,0,0,0,0,0,0,0,0,0,0,0,0,0,0,0,0,0,0,0,76,28,28.3,11.9
5112,2024-04-14 23:00:00+00:00,53,0,0,58,2024-04-14T23:00:00Z,469.4724974571464,0,4,0,0,0,2,0,0,156.06663507867316,0,0.5,0,0.8,0,0,0,0,0,0,0,0,0,0,0,0,0,0,0,0,0,molto basso,molto basso,molto basso,molto basso,molto basso,molto basso,molto basso,molto basso,molto basso,molto basso,molto basso,molto basso,molto basso,molto basso,molto basso,molto basso,molto basso,0,0,0,0,0,0,0,0,0,0,0,0,0,0,0,0,0,0,0,82,33,27.1,12.6
5112,2024-04-15 23:00:00+00:00,53,0,0,58,2024-04-15T23:00:00Z,484.6438560525389,0,4,0,0,0,2,0,0.6285000289758419,156.695135107649,0,0.5,0,0.8,0.2763322073951802,0.9244274392092532,0.3674246975907064,0.516120292173862,0.07399613608512833,0,0.5812652535111903,0.25406085840247994,0.646810350140982,0.9812671181956397,0.2812087303194905,0.11952433741152498,0.5812652535111903,0.529084224429686,0,0.5369866094850156,0.7431058605259704,molto basso,molto basso,molto basso,molto basso,molto basso,molto basso,molto basso,molto basso,basso,molto basso,molto basso,molto basso,molto basso,molto basso,molto basso,molto basso,molto basso,0,0,0,0,0,0,0,0,1,0,0,0,0,0,0,0,0,1,0,87,39,25.6,12.7
5112,2024-04-16 23:00:00+00:00,53,0,0,58,2024-04-16T23:00:00Z,495.00534345195763,0,4,0,0,0,2,0,0.4785932827232863,157.1737283903723,0,0.5,0,0.8,0,1.0450793563754077,0.16438246691842157,0.5779219076305522,0,0,0.48994519507562384,0,0.5663350581773617,1.4908545133764912,1.867597398883958,0,0.48994519507562384,0.4356803436097815,0,0.3645942827961208,0.8745758667615977,molto basso,molto basso,molto basso,molto basso,molto basso,molto basso,molto basso,molto basso,molto basso,molto basso,basso,molto basso,molto basso,molto basso,molto basso,molto basso,molto basso,0,0,0,0,0,0,0,0,0,0,1,0,0,0,0,0,0,2,1.4,80,27,22.6,6.1
5112,2024-04-17 23:00:00+00:00,53,0,0,58,2024-04-17T23:00:00Z,500.45524963991636,0,4,0,0,0,2,0,0.7379845860849613,157.91171297645727,0,0.5,0,0.8,0.4304687539161229,0.9763223756184132,0.464198883210343,0.5816502942256211,0.1263483830926173,0,0.6742105028837331,0.40243967652406326,0.7407250037613385,0.9990117596347831,0.1465785708528691,0.19945933242053634,0.6742105028837331,0.6187576080915848,0,0.6389479415199343,0.8198447407253737,molto basso,molto basso,molto basso,molto basso,molto basso,molto basso,molto basso,molto basso,basso,molto basso,molto basso,molto basso,molto basso,molto basso,molto basso,molto basso,molto basso,0,0,0,0,0,0,0,0,1,0,0,0,0,0,0,0,0,1,0.2,83,33,16,2.5
5112,2024-04-18 23:00:00+00:00,53,0,0,58,2024-04-18T23:00:00Z,508.05958217900434,0,4,0,0,0,2,0,0.3441006635425259,158.2558136399998,0,0.5,0,0.8,0,0.5973743229957873,0.027823804631154393,0.4048113886555602,0,0,0.24822835590584413,0,0.2913115888761327,1.1726086557730613,1.854248050520936,0,0.24822835590584413,0.2187837499580336,0,0.1353052930506154,0.6216337462262056,molto basso,molto basso,molto basso,molto basso,molto basso,molto basso,molto basso,molto basso,molto basso,molto basso,basso,molto basso,molto basso,molto basso,molto basso,molto basso,molto basso,0,0,0,0,0,0,0,0,0,0,1,0,0,0,0,0,0,3,0,95,54,15.2,6.7
5112,2024-04-19 23:00:00+00:00,53,0,0,58,2024-04-19T23:00:00Z,514.0319346530978,0,4,0,0,0,2,0,0,158.2558136399998,0,0.5,0,0.8,0,0,0,0,0,0,0,0,0,0,0,0,0,0,0,0,0,molto basso,molto basso,molto basso,molto basso,molto basso,molto basso,molto basso,molto basso,molto basso,molto basso,molto basso,molto basso,molto basso,molto basso,molto basso,molto basso,molto basso,0,0,0,0,0,0,0,0,0,0,0,0,0,0,0,0,0,0,0,83,34,15.7,2.4
5112,2024-04-20 23:00:00+00:00,53,0,0,58,2024-04-20T23:00:00Z,520.6049475358086,0,4,0,0,0,2,0,0.4708924967120918,158.72670613671187,0,0.5,0,0.8,0.39944769751342946,1.074233059570393,0.4447315852996601,0.94173358327798,0.11507215982435004,0,0.6935484512085263,0.37221475017585975,0.7675344580529128,2.2585900266035717,0.8146520401873709,0.18250903357841325,0.6935484512085263,0.6337524052018642,0,0.6190162127928631,1.3872262624969594,molto basso,molto basso,molto basso,molto basso,molto basso,molto basso,molto basso,molto basso,basso,basso,molto basso,molto basso,molto basso,molto basso,molto basso,molto basso,molto basso,0,0,0,0,0,0,0,0,1,1,0,0,0,0,0,0,0,5,1,88,39,17.8,5.5
5112,2024-04-21 23:00:00+00:00,53,0,0,58,2024-04-21T23:00:00Z,526.2108439588085,0,4,0,0,0,2,0,0,158.72670613671187,0,0.5,0,0.8,0,0,0,0,0,0,0,0,0,0,0,0,0,0,0,0,0,molto basso,molto basso,molto basso,molto basso,molto basso,molto basso,molto basso,molto basso,molto basso,molto basso,molto basso,molto basso,molto basso,molto basso,molto basso,molto basso,molto basso,0,0,0,0,0,0,0,0,0,0,0,0,0,0,0,0,0,0,0,82,34,15.1,1.9
5112,2024-04-22 23:00:00+00:00,53,0,0,58,2024-04-22T23:00:00Z,530.3199000181542,0,4,0,0,0,2,0,0.8778009394170337,159.6045070761289,0,0.5,0,0.8,0,2.137713775455997,0.17720473151199664,1.694250409816224,0,0,0.9144850754000267,0,1.0689091316222716,4.98728453228933,6.255912062840066,0,0.9144850754000267,0.8079570633544251,0,0.517303569208432,2.6035293054942588,molto basso,basso,molto basso,molto basso,molto basso,molto basso,molto basso,molto basso,basso,medio,alto,molto basso,molto basso,molto basso,molto basso,molto basso,basso,0,1,0,0,0,0,0,0,1,2,3,0,0,0,0,0,1,11,13.2,94,61,11.8,5.5
5112,2024-04-23 23:00:00+00:00,53,0,0,58,2024-04-23T23:00:00Z,534.1847453818607,0,4,0,0,0,2,0,0.4390158214519427,160.04352289758083,0,0.5,0,0.8,0,0.7228505930433663,0.0023805232505862027,1.1153436360466076,0,0,0.27533565929047465,0,0.32656220003266695,3.6282783808091814,3.3038272895885825,0,0.27533565929047465,0.24121572845409797,0,0.06980502574129369,1.733301886884438,molto basso,molto basso,molto basso,molto basso,molto basso,molto basso,molto basso,molto basso,molto basso,medio,basso,molto basso,molto basso,molto basso,molto basso,molto basso,molto basso,0,0,0,0,0,0,0,0,0,2,1,0,0,0,0,0,0,10,14,92,54,12.8,5
5112,2024-04-24 23:00:00+00:00,53,0,0,58,2024-04-24T23:00:00Z,539.2695752043803,0,4,0,0,0,2,0,1.9036318331369315,161.94715473071776,0,0.5,0,0.8,0,4.826169867366405,0.3638240373207698,3.0742829144292174,0,0,2.0676388969337505,0,2.4171730357966674,8.677827008843787,13.20167488450606,0,2.0676388969337505,1.8264754083203103,0,1.2526296355900848,4.705969141070158,molto basso,basso,molto basso,basso,molto basso,molto basso,basso,molto basso,alto,alto,molto alto,molto basso,molto basso,molto basso,molto basso,molto basso,basso,0,1,0,1,0,0,1,0,3,3,4,0,0,0,0,0,1,15,4.6000000000000005,97,65,13.2,7.1
5112,2024-04-25 23:00:00+00:00,53,0,0,58,2024-04-25T23:00:00Z,544.743468077763,0,4,0,0,0,2,0,0.7274087606111539,162.6745634913289,0,0.5,0,0.8,0,6.375532726286872,0.3708961198128569,4.478389037523542,0,0,2.67038040232254,0,3.1302766778114797,13.009582322443338,19.604708861461198,0,2.67038040232254,2.355262771980488,0,1.4522925197072807,6.877067173942857,molto basso,medio,molto basso,basso,molto basso,molto basso,basso,molto basso,alto,molto alto,molto alto,molto basso,molto basso,molto basso,molto basso,molto basso,medio,0,2,0,1,0,0,1,0,3,4,4,0,0,0,0,0,2,10,1.4,94,54,14.3,6
5112,2024-04-26 23:00:00+00:00,55,0,0,58,2024-04-26T23:00:00Z,551.2084747020567,0,4,0,0,0,2,0,0.1098439420083163,162.78440743333724,0,0.6,0,1,0,0.0249850461217739,0,0.30194600728030924,0,0,0.008647604966487426,0,0.010376726489679706,1.0494394038856294,0.16537158054291431,0,0.008647604966487426,0.007526481045447952,0,0,0.47219478969641104,molto basso,molto basso,molto basso,molto basso,molto basso,molto basso,molto basso,molto basso,molto basso,molto basso,molto basso,molto basso,molto basso,molto basso,molto basso,molto basso,molto basso,0,0,0,0,0,0,0,0,0,0,0,0,0,0,0,0,0,4,0,89,43,15.9,4.9
5112,2024-04-27 23:00:00+00:00,55,0,0,58,2024-04-27T23:00:00Z,561.0117363742401,0,4,0,0,0,2,0,1.0048830125560009,163.78929044589324,0,0.6,0,1,0,2.631979984503404,0.3211283042303166,1.5340208180063577,0,0,1.1868504105952469,0,1.3785889136350096,4.122869569175103,5.717774798350939,0,1.1868504105952469,1.0523782227960536,0,0.8201471788020742,2.3337874851170977,molto basso,basso,molto basso,molto basso,molto basso,molto basso,molto basso,molto basso,basso,medio,alto,molto basso,molto basso,molto basso,molto basso,molto basso,basso,0,1,0,0,0,0,0,0,1,2,3,0,0,0,0,0,1,6,0.2,95,53,16.7,7.7
5112,2024-04-28 23:00:00+00:00,55,0,0,58,2024-04-28T23:00:00Z,573.5337987548958,0,4,0,0,0,2,0,2.533772011412153,166.32306245730538,0,0.6,0,1,0.3657406738679408,5.300147083329901,1.4409834698515853,2.788039742754644,0.08535837451797475,0,2.8477765288555497,0.3270749149563627,3.2351890482886514,6.250845008395706,4.464599767155824,0.142692518207877,2.8477765288555497,2.5588877157313963,0,2.4429097834446836,4.133561363189382,molto basso,medio,molto basso,basso,molto basso,molto basso,basso,molto basso,alto,alto,medio,molto basso,molto basso,molto basso,molto basso,basso,basso,0,2,0,1,0,0,1,0,3,3,2,0,0,0,0,1,1,8,0,93,46,21.1,10.2
5112,2024-04-29 23:00:00+00:00,55,0,0,58,2024-04-29T23:00:00Z,587.8925889662993,0,4,0,0,0,2,0,0,166.32306245730538,0,0.6,0,1,0,0,0,0,0,0,0,0,0,0,0,0,0,0,0,0,0,molto basso,molto basso,molto basso,molto basso,molto basso,molto basso,molto basso,molto basso,molto basso,molto basso,molto basso,molto basso,molto basso,molto basso,molto basso,molto basso,molto basso,0,0,0,0,0,0,0,0,0,0,0,0,0,0,0,0,0,0,0,75,24,26.1,8.2
5112,2024-04-30 23:00:00+00:00,56,0,0,58,2024-04-30T23:00:00Z,603.0814306574632,0,4,0,0,0,2,0,0,166.32306245730538,0,0.7,0,1,0,0,0,0,0,0,0,0,0,0,0,0,0,0,0,0,0,molto basso,molto basso,molto basso,molto basso,molto basso,molto basso,molto basso,molto basso,molto basso,molto basso,molto basso,molto basso,molto basso,molto basso,molto basso,molto basso,molto basso,0,0,0,0,0,0,0,0,0,0,0,0,0,0,0,0,0,0,0,74,24,27.3,9.4
5112,2024-05-01 23:00:00+00:00,56,0,0,58,2024-05-01T23:00:00Z,617.9209195337351,0,4,0,0,0,2,0,10.18872962350219,176.51179208080757,0,0.7,0,1,8.504218270003154,10.667304608459315,7.71772922094829,8.118592735761222,3.290628460628955,3.2279225299086356,9.542737847586544,8.266367099210475,10.094241928956208,10.328281221501678,0.20210100153848648,4.843393651729457,9.542737847586544,8.989274006540766,1.0508394587414158,9.383003452251739,10.527761728118506,molto alto,alto,medio,alto,basso,basso,alto,molto alto,molto alto,alto,molto basso,basso,medio,medio,molto basso,alto,alto,4,3,2,3,1,1,3,4,4,3,0,1,2,2,0,3,3,12,13.600000000000001,98,56,23.6,14.7
5112,2024-05-02 23:00:00+00:00,56,5,20.833333333333336,63,2024-05-02T23:00:00Z,630.3442048211305,1,5,0,0,1,3,0,13.064441216747076,189.57623329755464,0,0.7,0,1,18.95384374509116,29.49751909260804,18.006138800110623,20.13746066797747,6.643845802153369,3.3602872044945586,23.638265545409173,18.17590590542101,25.402923605483785,29.19770271516796,1.8292029298799166,10.018689250949718,23.638265545409173,22.025562597936037,1.0839702104762527,22.943741728778377,27.099356164384965,molto alto,molto alto,alto,molto alto,alto,basso,molto alto,molto alto,molto alto,molto alto,basso,medio,alto,alto,molto basso,molto alto,molto alto,4,4,3,4,3,1,4,4,4,4,1,2,3,3,0,4,4,20,7.6000000000000005,100,73,18.3,12.5
5112,2024-05-03 23:00:00+00:00,56,8,33.33333333333333,71,2024-05-03T23:00:00Z,640.9360560335278,0,5,0,0,0,3,0,3.0795661784525024,192.65579947600713,0,0.7,0,1,1.8644351332181754,5.914444026410856,2.299805885275906,3.561303547460288,0.6218459167760425,0.08177700754479397,3.7554260207607424,1.7785242009729108,4.155156483133916,6.895720737029639,4.5921044724114415,0.9505096928667327,3.7554260207607424,3.4348807065978004,0.020831251609747064,3.3698644158718336,5.07717838255962,basso,medio,molto basso,basso,molto basso,molto basso,basso,medio,alto,alto,medio,molto basso,basso,molto basso,molto basso,basso,medio,1,2,0,1,0,0,1,2,3,3,2,0,1,0,0,1,2,8,1.2000000000000002,99,60,16.6,9
5112,2024-05-04 23:00:00+00:00,56,8,33.33333333333333,79,2024-05-04T23:00:00Z,654.7439302666207,0,5,0,0,0,3,0,3.6907554352820524,196.3465549112892,0,0.7,0,1,1.9340809468130562,7.216294609233025,2.754147951152147,3.996290740790853,0.5162671674565122,0,4.453265252014205,1.7763647239527343,4.966894055950304,7.758036431456812,2.650876953627452,0.8343665427027154,4.453265252014205,4.047771982875402,0,4.0827658130212825,5.773764323245043,basso,alto,molto basso,basso,molto basso,molto basso,medio,medio,alto,alto,basso,molto basso,basso,basso,molto basso,basso,medio,1,3,0,1,0,0,2,2,3,3,1,0,1,1,0,1,2,8,0.4,95,50,21.7,11.5
5112,2024-05-05 23:00:00+00:00,57,0,0,79,2024-05-05T23:00:00Z,669.1601095288796,0,5,0,0,0,3,0,0.9775370032489772,197.32409191453817,0,0.8,0,1,0.3946600385868251,1.7627024944502971,0.6314893825810323,0.9595063353502237,0.10149450001460739,0,1.055969829836274,0.35997776351214933,1.1825916509135004,1.9211885927518575,0.7618651364603144,0.16559371065794204,1.055969829836274,0.9573059390510291,0,0.9581460047714592,1.3949332562329702,molto basso,molto basso,molto basso,molto basso,molto basso,molto basso,molto basso,molto basso,basso,basso,molto basso,molto basso,molto basso,molto basso,molto basso,molto basso,molto basso,0,0,0,0,0,0,0,0,1,1,0,0,0,0,0,0,0,2,0,91,44,23.4,11.8
5112,2024-05-06 23:00:00+00:00,57,0,0,79,2024-05-06T23:00:00Z,683.4269018210764,0,5,0,0,0,3,0,6.200147052847211,203.52423896738537,0,0.8,0,1,4.3705298502646945,8.850360002704797,4.49742734719962,5.445315413758665,1.3434993110046554,0,6.348427945786682,4.116205932353565,6.9364954239224375,8.968896236255699,1.0654705178284527,2.0959760364081976,6.348427945786682,5.847780354799421,0,6.060588538230995,7.5963313776143435,alto,alto,basso,medio,molto basso,molto basso,alto,alto,molto alto,alto,molto basso,molto basso,basso,basso,molto basso,alto,alto,3,3,1,2,0,0,3,3,4,3,0,0,1,1,0,3,3,10,0,100,59,21.6,13.2
5112,2024-05-07 23:00:00+00:00,57,0,0,79,2024-05-07T23:00:00Z,695.8415322035056,0,5,0,0,0,3,0,16.992752660369877,220.51699162775526,0,0.8,0,1,14.031209494956205,22.887677511602778,13.37099694715482,15.1519772312072,4.681524663399638,0.5690938655755753,17.843491997808584,13.386112561663328,19.268150091937347,22.707577981319563,1.3551393187835754,7.155395628743007,17.843491997808584,16.566551681408168,0.14576772038609503,17.278992816136142,20.64793559665413,molto alto,molto alto,alto,alto,medio,molto basso,molto alto,molto alto,molto alto,molto alto,molto basso,basso,alto,alto,molto basso,molto alto,molto alto,4,4,3,3,2,0,4,4,4,4,0,1,3,3,0,4,4,24,14.999999999999998,100,96,15.8,13.4
5112,2024-05-08 23:00:00+00:00,58,6,25,85,2024-05-08T23:00:00Z,710.1897067138444,0,5,0,0,0,3,0,6.598522454969011,227.11551408272427,3,0.8500000000000001,0,1,4.700821976809849,8.910834625418394,4.709628960013326,5.586298550174668,1.4751029415398624,0.08177700754479397,6.5389851748154575,4.442126367559041,7.122235447769742,8.967575531938058,0.8607689746454319,2.2894364270832845,6.5389851748154575,6.035873168524017,0.020831251609747064,6.270707262072715,7.746338891284436,alto,alto,basso,medio,molto basso,molto basso,alto,alto,molto alto,alto,molto basso,molto basso,basso,basso,molto basso,alto,alto,3,3,1,2,0,0,3,3,4,3,0,0,1,1,0,3,3,10,0,100,59,22.1,13.8
5112,2024-05-09 23:00:00+00:00,58,0,0,85,2024-05-09T23:00:00Z,725.2609467115992,0,5,0,0,0,3,0,1.0870489164681025,228.20256299919237,3,0.8500000000000001,0,1,0.5526644147903604,1.8488548784185064,0.7348493951814128,1.032240584347724,0.14799227217025665,0,1.1625305070223806,0.5081217168049599,1.293620700281964,1.9625342363912794,0.562417460638981,0.23904867482304995,1.1625305070223806,1.058168448859372,0,1.0739732189700313,1.4862117210519408,molto basso,molto basso,molto basso,molto basso,molto basso,molto basso,molto basso,molto basso,basso,basso,molto basso,molto basso,molto basso,molto basso,molto basso,molto basso,molto basso,0,0,0,0,0,0,0,0,1,1,0,0,0,0,0,0,0,2,0,93,47,23.5,12.7
5112,2024-05-10 23:00:00+00:00,58,0,0,85,2024-05-10T23:00:00Z,740.5080585933457,0,5,0,0,0,3,0,2.680874931410187,230.88343793060255,3,0.8500000000000001,0,1,1.6411133741073034,2.987062282203151,1.6158681085047872,1.892553901433153,0.518834954976176,0,2.222037762466302,1.5533470903266378,2.416048002037414,2.9919799866833343,0.2395391174423091,0.8039642688360122,2.222037762466302,2.053319810591966,0,2.136972290410563,2.6164237893846503,basso,basso,molto basso,molto basso,molto basso,molto basso,basso,medio,alto,basso,molto basso,molto basso,molto basso,molto basso,molto basso,basso,basso,1,1,0,0,0,0,1,2,3,1,0,0,0,0,0,1,1,4,0,93,47,24.7,13.8
5112,2024-05-11 23:00:00+00:00,58,0,0,85,2024-05-11T23:00:00Z,755.7618154372778,0,5,0,0,0,3,0,3.267481144021754,234.1509190746243,3,0.8500000000000001,0,1,2.5491390054192014,4.950861441774661,2.5736376429308043,3.0753836320021932,0.7887860060206393,0,3.597589303094858,2.4042456175311617,3.92439222160135,4.992042355547467,0.5008721279968242,1.2287951506872845,3.597589303094858,3.3173137418712693,0,3.4447653867354218,4.2780368553849435,basso,medio,molto basso,basso,molto basso,molto basso,basso,medio,alto,medio,molto basso,molto basso,basso,molto basso,molto basso,basso,basso,1,2,0,1,0,0,1,2,3,2,0,0,1,0,0,1,1,5,0,91,45,25,13.6
5112,2024-05-12 23:00:00+00:00,59,0,0,85,2024-05-12T23:00:00Z,771.042767746315,0,5,0,0,0,3,0,4.93622688582303,239.08714596044734,3,0.9,0,1,4.138854155995402,6.987370070694414,3.9749212902848257,4.550052464053978,1.3502511239210893,0.01249252306088685,5.358315881599646,3.9365843191068435,5.8009446215640885,6.949178918028576,0.43097677490951436,2.0758306528548514,5.358315881599646,4.965949793470161,0.002991240516085273,5.178408762785327,6.235637187651383,alto,alto,basso,basso,molto basso,molto basso,medio,alto,molto alto,alto,molto basso,molto basso,basso,basso,molto basso,medio,medio,3,3,1,1,0,0,2,3,4,3,0,0,1,1,0,2,2,7,0,92,46,25.4,14.3
5112,2024-05-13 23:00:00+00:00,59,0,0,85,2024-05-13T23:00:00Z,786.1856686413133,0,5,0,0,0,3,0,16.553434032187145,255.64057999263449,3,0.9,0,1,13.663727938979905,13.389174255673806,12.408661599995064,12.357152119365058,6.332265723617681,10.20977415633632,14.19917674128142,13.499285229090413,14.623017580318082,12.651321118307807,0.03839689743552413,8.903840803801671,14.19917674128142,13.643457628409324,4.278600983268591,14.11201119398046,14.765846483660654,molto alto,alto,alto,alto,alto,alto,molto alto,molto alto,molto alto,molto alto,molto basso,medio,alto,alto,medio,molto alto,alto,4,3,3,3,3,3,4,4,4,4,0,2,3,3,2,4,3,16,0,100,77,21.6,16.2
5112,2024-05-14 23:00:00+00:00,59,2,8.333333333333332,87,2024-05-14T23:00:00Z,801.0176183569415,0,5,0,0,0,3,0,9.690955414668402,265.3315354073029,4,0.9,0,1,7.932038103622513,10.859257366569945,7.256021806559286,7.811890401160599,2.8857948892422085,1.7076060566680207,9.21906770297558,7.6579169751576766,9.832164439146187,10.593729757234533,0.28007134813505125,4.315644026621997,9.21906770297558,8.633064614231465,0.4972823323033059,9.023530022939262,10.350955391098655,molto alto,alto,basso,alto,basso,molto basso,alto,molto alto,molto alto,alto,molto basso,basso,medio,medio,molto basso,alto,alto,4,3,1,3,1,0,3,4,4,3,0,1,2,2,0,3,3,12,0,100,65,22.1,14.8
5112,2024-05-15 23:00:00+00:00,60,2,8.333333333333332,89,2024-05-15T23:00:00Z,814.1945275486324,0,5,0,0,1,4,0,19.081058638650774,284.4125940459537,7,0.95,0,1,16.442779413645383,22.803103022173893,15.037853110953481,16.244474620690916,5.9008534995703394,2.81323938394478,19.19449978791925,15.853129193649458,20.50123719441334,22.262018542532704,0.5705893104471516,8.857209929439929,19.19449978791925,17.95457336013243,0.7640162138348111,18.77638430990526,21.61176757387352,molto alto,molto alto,alto,molto alto,medio,basso,molto alto,molto alto,molto alto,molto alto,molto basso,medio,alto,alto,molto basso,molto alto,molto alto,4,4,3,4,2,1,4,4,4,4,0,2,3,3,0,4,4,24,8.600000000000001,100,100,16.4,14.9
5112,2024-05-16 23:00:00+00:00,60,21,87.5,110,2024-05-16T23:00:00Z,826.8139646909696,0,5,0,0,1,5,0,14.674212406901427,299.0868064528551,7,0.95,0,1,12.131315727906664,19.767327450827494,11.61485538311149,13.16562584676968,4.108935916980471,1.1082179111729913,15.46976338905899,11.59076004769328,16.68916122373278,19.641521647166964,1.362313290331662,6.254012764264617,15.46976338905899,14.373719886926555,0.3155389163975861,14.975584728347414,17.891489281969463,molto alto,molto alto,alto,alto,basso,molto basso,molto alto,molto alto,molto alto,molto alto,molto basso,basso,alto,alto,molto basso,molto alto,molto alto,4,4,3,3,1,0,4,4,4,4,0,1,3,3,0,4,4,21,128.6,100,78,17.8,12.8
5112,2024-05-17 23:00:00+00:00,60,8,33.33333333333333,118,2024-05-17T23:00:00Z,840.802882229212,1,6,0,0,1,6,0,4.21340371749492,303.30021017035006,7,0.95,0,1,2.294967416174509,6.799197150326295,3.1269599477908763,4.254023448917758,0.9638664065646814,0.986987863331662,4.6296223577090885,2.1792105378691726,5.0476562519142,7.315176720774413,2.7995145472781213,1.3654092154025914,4.6296223577090885,4.28861768643278,0.6654497176282803,4.282022908768016,5.729024470631008,basso,medio,molto basso,basso,molto basso,molto basso,medio,medio,alto,alto,basso,molto basso,basso,basso,molto basso,medio,medio,1,2,0,1,0,0,2,2,3,3,1,0,1,1,0,2,2,8,0.2,94,47,22.1,11.3
5112,2024-05-18 23:00:00+00:00,60,0,0,118,2024-05-18T23:00:00Z,855.7398618764144,0,6,0,0,0,6,0,1.9831805456227987,305.28339071597287,7,0.95,0,1,1.06245947782789,3.6721198149806824,1.44163398170096,2.0445715847532266,0.2840125327734241,0,2.295608258705312,0.9763871709407627,2.55631670792581,3.912235462980328,1.1833346403460052,0.45892487014726224,2.295608258705312,2.0885992950518464,0,2.115987648112058,2.9469712172877767,molto basso,basso,molto basso,molto basso,molto basso,molto basso,basso,basso,alto,medio,molto basso,molto basso,molto basso,molto basso,molto basso,basso,basso,0,1,0,0,0,0,1,1,3,2,0,0,0,0,0,1,1,4,0,92,45,23.7,12.3
5112,2024-05-19 23:00:00+00:00,61,0,0,118,2024-05-19T23:00:00Z,870.7312876784298,0,6,0,0,0,6,0,4.253844568240353,309.53723528421324,7,1,0,1,3.1946948720560555,6.857594746393604,3.3658487104006176,4.148172383647019,0.9595130932092771,0,4.821770578655411,2.9976826543981807,5.283589609051067,6.985220409313674,0.9338950493760971,1.5058010208527688,4.821770578655411,4.432972922294326,0,4.58571744070943,5.818424158038176,medio,medio,basso,basso,molto basso,molto basso,medio,medio,alto,alto,molto basso,molto basso,basso,basso,molto basso,medio,medio,2,2,1,1,0,0,2,2,3,3,0,0,1,1,0,2,2,7,0,94,49,23.6,13.2
5112,2024-05-20 23:00:00+00:00,62,0,0,118,2024-05-20T23:00:00Z,885.9864761763356,0,6,0,0,0,6,0,7.591440212015075,317.1286754962283,7,1,0,1,5.736412483001838,7.809964649724373,5.295836171041967,5.699593908395573,2.1534011266682622,1.3238001513781792,6.690537555828908,5.543536245137524,7.1182158461493525,7.621196659522774,0.22796853730175312,3.18946038537552,6.690537555828908,6.278771023986357,0.5250932892931335,6.546699524206442,7.476666450484076,alto,alto,basso,medio,basso,molto basso,alto,alto,molto alto,alto,molto basso,molto basso,basso,basso,molto basso,alto,alto,3,3,1,2,1,0,3,3,4,3,0,0,1,1,0,3,3,9,1.2000000000000002,98,56,24.1,15.1
5112,2024-05-21 23:00:00+00:00,62,6,25,124,2024-05-21T23:00:00Z,900.8353039239984,0,6,0,0,2,8,0,25.606526004097255,342.73520150032556,8,1,0,1,27.195238871163834,27.94360454422841,24.834784436039104,25.005041646528564,12.408160882149316,18.63596531312909,28.755297728315323,26.794852102922484,29.726943103941856,26.553603859344207,0.250582151637997,17.50043241930408,28.755297728315323,27.56030255707076,8.00259338323625,28.510152974821008,30.153780529882166,molto alto,molto alto,molto alto,molto alto,alto,molto alto,molto alto,molto alto,molto alto,molto alto,molto basso,alto,molto alto,molto alto,alto,molto alto,molto alto,4,4,4,4,3,4,4,4,4,4,0,3,4,4,3,4,4,24,12.799999999999999,100,91,20.3,16.8
5112,2024-05-22 23:00:00+00:00,63,4,16.666666666666664,128,2024-05-22T23:00:00Z,914.9684090942488,0,6,0,0,0,8,0,2.926628249451235,345.6618297497768,8,1,0,1,1.5371932057309692,3.8424163707501577,1.7407401586030595,2.247954868632455,0.4428051301232397,0,2.5852280441244035,1.4320568338934654,2.850053751740379,3.974303960033113,0.74894725960951,0.7022269334564308,2.5852280441244035,2.367384583279395,0,2.433374200167422,3.1871604632370474,basso,basso,molto basso,basso,molto basso,molto basso,basso,medio,alto,medio,molto basso,molto basso,molto basso,molto basso,molto basso,basso,basso,1,1,0,1,0,0,1,2,3,2,0,0,0,0,0,1,1,5,0,99,56,21.5,12.6
5112,2024-05-23 23:00:00+00:00,64,0,0,128,2024-05-23T23:00:00Z,929.5719688285437,0,6,0,0,0,8,0,6.2856857997263855,351.9475155495032,8,1,0,1,4.429477572847368,8.730364406398138,4.577454834605755,5.498481931894211,1.445287389763204,0.6685349017779987,6.380198861808524,4.193957046583096,6.943871938988081,8.852537110236309,1.1498407376326232,2.2158560651235626,6.380198861808524,5.895339537573816,0.23985052491272046,6.09671763174384,7.5872642668341355,alto,alto,basso,medio,molto basso,molto basso,alto,alto,molto alto,alto,molto basso,molto basso,basso,basso,molto basso,alto,alto,3,3,1,2,0,0,3,3,4,3,0,0,1,1,0,3,3,10,0.4,96,51,23.1,13.2
5112,2024-05-24 23:00:00+00:00,64,0,0,128,2024-05-24T23:00:00Z,944.1663175908442,0,6,0,0,0,8,0,3.3564687509985096,355.30398430050167,8,1,0,1,1.8507101919602262,6.417159097098265,2.5163140370557673,3.57301609789898,0.49519406994086,0,4.009716949011669,1.7010528530466322,4.4652956368053145,6.841193243865305,2.0896958375824988,0.7999662851564191,4.009716949011669,3.6480504837756444,0,3.6948613470476896,5.1503497493451755,basso,medio,molto basso,basso,molto basso,molto basso,basso,medio,alto,alto,basso,molto basso,basso,basso,molto basso,basso,medio,1,2,0,1,0,0,1,2,3,3,1,0,1,1,0,1,2,7,0.2,94,47,22.8,12
5112,2024-05-25 23:00:00+00:00,65,0,0,128,2024-05-25T23:00:00Z,959.0533325077085,0,6,0,0,0,8,0,4.0621961682798755,359.3661804687815,8,1,0,1,2.8094227546206234,4.905196175096465,2.7645877286320313,3.200349607749198,0.9412997774230454,0.4004312456774406,3.7424247245818116,2.676267389272006,4.050133623131792,4.912074377695793,0.4539608628264968,1.4354492219695227,3.7424247245818116,3.4704763441386395,0.12224187987282643,3.6056537998387372,4.372633257765493,medio,medio,molto basso,basso,molto basso,molto basso,basso,medio,alto,medio,molto basso,molto basso,basso,molto basso,molto basso,basso,basso,2,2,0,1,0,0,1,2,3,2,0,0,1,0,0,1,1,6,1.6,94,48,24.2,13.6
5112,2024-05-26 23:00:00+00:00,67,0,0,128,2024-05-26T23:00:00Z,974.2507787152183,0,6,0,0,0,8,0,0,359.3661804687815,8,1,0,1,0,0,0,0,0,0,0,0,0,0,0,0,0,0,0,0,0,molto basso,molto basso,molto basso,molto basso,molto basso,molto basso,molto basso,molto basso,molto basso,molto basso,molto basso,molto basso,molto basso,molto basso,molto basso,molto basso,molto basso,0,0,0,0,0,0,0,0,0,0,0,0,0,0,0,0,0,0,0,81,31,25.9,10.7
5112,2024-05-27 23:00:00+00:00,67,0,0,128,2024-05-27T23:00:00Z,989.5276917488056,0,6,0,0,0,8,0,0,359.3661804687815,8,1,0,1,0,0,0,0,0,0,0,0,0,0,0,0,0,0,0,0,0,molto basso,molto basso,molto basso,molto basso,molto basso,molto basso,molto basso,molto basso,molto basso,molto basso,molto basso,molto basso,molto basso,molto basso,molto basso,molto basso,molto basso,0,0,0,0,0,0,0,0,0,0,0,0,0,0,0,0,0,0,0,85,36,26.3,12.6
5112,2024-05-28 23:00:00+00:00,68,0,0,128,2024-05-28T23:00:00Z,1004.8053288301169,0,6,0,0,0,8,0,9.919507147334876,369.2856876161164,8,0.95,0.1,1,7.965944714643729,8.363230247905788,7.1415278451285555,7.194381678099361,3.4291293062033565,5.23344149531548,8.379450928614661,7.836276274026923,8.715754541696967,7.954712787003898,0.02284391511887776,4.916475998592583,8.379450928614661,7.988975510318746,1.871252662872099,8.31187788352874,8.910829728680799,molto alto,alto,basso,alto,basso,medio,alto,molto alto,molto alto,alto,molto basso,basso,medio,basso,basso,alto,alto,4,3,1,3,1,2,3,4,4,3,0,1,2,1,1,3,3,10,0,98,58,25.3,16.7
5112,2024-05-29 23:00:00+00:00,68,0,0,128,2024-05-29T23:00:00Z,1020.0671011775406,0,6,0,0,0,8,0,1.6395793426524568,370.9252669587688,8,0.95,0.1,1,0.9661988710660518,2.829116724191932,1.1887827115320257,1.60765122562522,0.2659205773557254,0,1.8291337415302422,0.8928993055667078,2.0277462783304725,2.9665964368798967,0.7056389599580872,0.426599200409636,1.8291337415302422,1.6689422777178962,0,1.7043030047448173,2.3008357574625573,molto basso,basso,molto basso,molto basso,molto basso,molto basso,basso,basso,medio,basso,molto basso,molto basso,molto basso,molto basso,molto basso,molto basso,basso,0,1,0,0,0,0,1,1,2,1,0,0,0,0,0,0,1,3,0,89,42,25,12.9
5112,2024-05-30 23:00:00+00:00,69,0,0,128,2024-05-30T23:00:00Z,1034.6683635975028,0,6,0,0,0,8,0,11.35379400516325,382.27906096393207,8,0.9,0.2,1,9.183727996523688,11.454955406457909,8.435390738896595,8.87596610125731,3.6807352600344174,4.055272212300995,10.365039815939177,8.942127149095182,10.932053187923783,11.104122334783721,0.3137921693134408,5.363310302802315,10.365039815939177,9.788480080952827,1.5309636498756456,10.186040298014074,11.380359606532659,molto alto,alto,medio,alto,basso,basso,alto,molto alto,molto alto,alto,molto basso,basso,medio,medio,molto basso,alto,alto,4,3,2,3,1,1,3,4,4,3,0,1,2,2,0,3,3,13,6.6000000000000005,100,67,21.3,14.4
5112,2024-05-31 23:00:00+00:00,69,7,29.166666666666668,135,2024-05-31T23:00:00Z,1048.9897559889712,0,6,0,0,1,9,0,15.742082480138457,398.0211434440705,8,0.9,0.2,1,22.340259577198676,27.603568297125136,20.521941379519514,21.573694394213227,9.0847944338391,8.906489402810843,25.111066737152107,21.719941323403678,26.44777506904927,26.69901860730932,0.6047764577169454,13.162040652036028,25.111066737152107,23.750482343305787,3.6596194156766253,24.6856850063154,27.341158815996096,molto alto,molto alto,alto,molto alto,alto,alto,molto alto,molto alto,molto alto,molto alto,molto basso,alto,molto alto,alto,basso,molto alto,molto alto,4,4,3,4,3,3,4,4,4,4,0,3,4,3,1,4,4,18,44.400000000000006,100,62,22.2,14.3
5112,2024-06-01 23:00:00+00:00,70,6,25,141,2024-06-01T23:00:00Z,1063.493728096037,0,6,0,0,0,9,0,2.7522965907202943,400.7734400347908,8,0.8500000000000001,0.30000000000000004,1,1.4125619215948382,5.30469157387618,2.026912994822215,2.962883172114774,0.3931480607795322,0,3.2821381845447206,1.3062243772107927,3.657405371600275,5.7481982278549335,2.194245250170696,0.6284198320599725,3.2821381845447206,2.9854518695238372,0,3.0018536717104225,4.273271929119977,basso,medio,molto basso,basso,molto basso,molto basso,basso,basso,alto,alto,basso,molto basso,molto basso,molto basso,molto basso,basso,basso,1,2,0,1,0,0,1,1,3,3,1,0,0,0,0,1,1,6,3.6,93,47,22.2,11.3
5112,2024-06-02 23:00:00+00:00,70,0,0,141,2024-06-02T23:00:00Z,1078.758619345153,0,6,0,0,0,9,0,6.451505447478727,407.2249454822695,8,0.8500000000000001,0.30000000000000004,1,5.3524995043674135,7.596811910230127,5.121691672963495,5.594381787188137,2.1207754649568615,1.9483771650713502,6.47961093465216,5.176149512121327,6.879820363121629,7.475906960515513,0.4669203341761567,3.089160122373851,6.47961093465216,6.095680113349566,0.9135915853215251,6.313632191059326,7.24043265442092,alto,alto,basso,medio,basso,molto basso,alto,alto,molto alto,alto,molto basso,molto basso,basso,basso,molto basso,alto,alto,3,3,1,2,1,0,3,3,4,3,0,0,1,1,0,3,3,8,0.4,95,51,24.1,14
5112,2024-06-03 23:00:00+00:00,71,0,0,141,2024-06-03T23:00:00Z,1093.7485079339326,0,6,0,0,1,10,0,11.183710243124807,418.4086557253943,8,0.8,0.4,1,9.039161154959988,11.720509174942965,8.226596386844538,8.728774877651366,3.4197900402077703,2.790915071388214,10.27592721222322,8.763932403513863,10.903698845929853,11.380480655897268,0.24630605083895496,5.062330434842572,10.27592721222322,9.658285337305594,0.897533525087186,10.08673992776865,11.412122712384752,molto alto,alto,medio,alto,basso,basso,alto,molto alto,molto alto,alto,molto basso,basso,medio,medio,molto basso,alto,alto,4,3,2,3,1,1,3,4,4,3,0,1,2,2,0,3,3,13,17.2,100,60,23.3,15.1
5112,2024-06-04 23:00:00+00:00,71,0,0,141,2024-06-04T23:00:00Z,1109.0290023111736,0,6,0,0,0,10,0,6.739835386261937,425.1484911116562,8,0.8,0.4,1,13.85232583074404,17.177425374850166,12.713936606457825,13.380734102279977,5.617254381292418,4.862081118946885,15.573828899818405,13.450343306773513,16.40985335031953,16.605824809897268,0.3167514293681405,8.13847884174834,15.573828899818405,14.72751596258042,2.0942831523025602,15.308170851556888,16.941663662474863,molto alto,molto alto,alto,alto,medio,basso,molto alto,molto alto,molto alto,molto alto,molto basso,basso,alto,alto,basso,molto alto,molto alto,4,4,3,3,2,1,4,4,4,4,0,1,3,3,1,4,4,7,1.8,96,53,25,15.5
5112,2024-06-05 23:00:00+00:00,72,0,0,141,2024-06-05T23:00:00Z,1124.2440035193436,0,6,0,0,0,10,0,4.672732688967348,429.82122380062356,8,0.75,0.42500000000000004,0.95,4.072703056577775,5.984640822951796,3.7639498153883206,4.133547903465767,1.413058501102632,0.27630207955509684,4.886170096849268,3.9093516466034606,5.2426973258034115,5.872530558181369,0.19171290909945224,2.1392823780920547,4.886170096849268,4.555960180228763,0.06965625581914962,4.763734362513453,5.558295949233047,alto,medio,basso,basso,molto basso,molto basso,medio,alto,alto,alto,molto basso,molto basso,basso,basso,molto basso,medio,medio,3,2,1,1,0,0,2,3,3,3,0,0,1,1,0,2,2,6,0,92,47,26.1,15.2
5112,2024-06-06 23:00:00+00:00,72,0,0,141,2024-06-06T23:00:00Z,1138.8243732948968,0,6,0,0,0,10,0,3.03531239297645,432.8565361936,8,0.75,0.42500000000000004,0.95,2.630214626879322,2.8167239359143252,2.3507496599570943,2.3769600626997507,1.1086329839024407,1.6532952171136803,2.7781598481339573,2.5839262644184924,2.8975888096180835,2.6840329633069864,0.008224279346850317,1.5984934289062205,2.7781598481339573,2.6430489896472005,0.5604560060657456,2.7539980566278954,2.9720171146327257,basso,basso,molto basso,basso,molto basso,molto basso,basso,medio,alto,basso,molto basso,molto basso,molto basso,molto basso,molto basso,basso,basso,1,1,0,1,0,0,1,2,3,1,0,0,0,0,0,1,1,3,0,91,47,27.4,16.7
5112,2024-06-07 23:00:00+00:00,73,0,0,141,2024-06-07T23:00:00Z,1152.3827905262042,0,6,0,0,0,10,0,2.18780758306727,435.0443437766673,8,0.7,0.45,0.9,1.8286040602740945,1.8300816078640625,1.6378017511953873,1.6326010220430391,0.8092731376226346,1.361741897349138,1.8955950685376233,1.8048966109125615,1.9623124667766514,1.7324481842693786,0.0017724016420952358,1.1528711798606408,1.8955950685376233,1.813318292744614,0.4942518611975186,1.8843003758063657,1.99637748099687,basso,molto basso,molto basso,molto basso,molto basso,molto basso,basso,medio,medio,basso,molto basso,molto basso,molto basso,molto basso,molto basso,basso,molto basso,1,0,0,0,0,0,1,2,2,1,0,0,0,0,0,1,0,2,0.2,88,44,28.8,17.5
5112,2024-06-08 23:00:00+00:00,73,0,0,141,2024-06-08T23:00:00Z,1165.6580057307297,0,6,0,0,0,10,0,12.295554524057792,447.33989830072505,8,0.7,0.45,0.9,7.8618837731336555,5.124323773107721,7.912772506610604,7.642518548127715,5.384838632202619,7.536218853845068,7.902382227816818,7.829750571312342,7.635011055039048,4.558110861772613,0,6.8766484828552805,7.902382227816818,7.993346515516831,5.8869968211337484,7.892903147560337,6.76222013462687,molto alto,medio,medio,alto,medio,alto,alto,molto alto,molto alto,medio,molto basso,basso,medio,basso,medio,alto,medio,4,2,2,3,2,3,3,4,4,2,0,1,2,1,2,3,2,9,0,94,57,29.1,20.8
5112,2024-06-09 23:00:00+00:00,73,0,0,141,2024-06-09T23:00:00Z,1179.21223925572,0,6,-10,50,0,10,0,13.845098671189023,461.1849969719141,8,0.7,0.45,0.9,8.644286596320939,5.441118832200979,8.887501782866837,8.662271249611523,6.3007481988766045,7.915846694496493,8.731176462120308,8.550395946178087,8.356237106613216,4.785363730827164,0,7.909376527852753,8.731176462120308,8.915332440229015,6.950782151107607,8.70683583238708,6.928924173324201,molto alto,medio,medio,alto,alto,alto,alto,molto alto,molto alto,medio,molto basso,basso,medio,medio,alto,alto,alto,4,2,2,3,3,3,3,4,4,2,0,1,2,2,3,3,3,10,10,96,60,28.2,20.3
5112,2024-06-10 23:00:00+00:00,73,0,0,141,2024-06-10T23:00:00Z,1194.2057530515976,0,6,-10,40,0,10,0,12.975301018702938,474.16029799061704,8,0.7,0.45,0.9,18.31794192998365,13.449003655183702,17.943244819149022,17.492193571815733,11.548239032466178,16.738120961816072,18.520059303950852,18.166917426788434,18.197416676774946,12.197791668514746,0.0012686813729329653,14.994647983270575,18.520059303950852,18.503808323044556,11.616900199184773,18.47387187059235,16.447832302318503,molto alto,alto,alto,molto alto,alto,molto alto,molto alto,molto alto,molto alto,molto alto,molto basso,alto,alto,alto,alto,molto alto,molto alto,4,3,3,4,3,4,4,4,4,4,0,3,3,3,3,4,4,11,11.2,96,55,26.7,17.7
5112,2024-06-11 23:00:00+00:00,74,19,79.16666666666666,160,2024-06-11T23:00:00Z,1209.4250878205758,0,6,-10,30,0,10,0,28.608517299726074,502.7688152903431,8,0.65,0.475,0.8500000000000001,22.459564543152766,18.066318738326817,21.142970929840253,20.528867045091182,12.440691609309166,20.992922762389117,22.660587331253605,22.373357266670645,22.693906411465555,16.668354873440283,0.0021347763111605506,16.72713298382739,22.660587331253605,22.25628776490959,11.478603618752981,22.62456381464122,21.931063018265455,molto alto,molto alto,alto,molto alto,alto,molto alto,molto alto,molto alto,molto alto,molto alto,molto basso,alto,alto,alto,alto,molto alto,molto alto,4,4,3,4,3,4,4,4,4,4,0,3,3,3,3,4,4,24,4.4,100,90,21.3,17.7
5112,2024-06-12 23:00:00+00:00,74,18,75,178,2024-06-12T23:00:00Z,1224.421101835979,0,6,-10,20,0,10,0,18.46630283361881,521.2351181239619,8,0.65,0.475,0.8500000000000001,15.377263679778572,15.207298409916246,13.976154779437397,13.951623036812753,7.110500245349613,11.197956146655905,16.026715842528382,15.177021623673225,16.5166689976646,14.380183713035352,0.04774410321132429,9.998477220605961,16.026715842528382,15.394022728175626,4.725567738743102,15.92085265945172,16.669562313706614,molto alto,alto,alto,alto,alto,alto,molto alto,molto alto,molto alto,molto alto,molto basso,medio,alto,alto,medio,molto alto,molto alto,4,3,3,3,3,3,4,4,4,4,0,2,3,3,2,4,4,18,18.6,100,76,21.6,16
5112,2024-06-13 23:00:00+00:00,74,8,33.33333333333333,186,2024-06-13T23:00:00Z,1238.9348308058106,0,6,-10,10,1,11,0,5.7146854873772135,526.9498036113391,8,0.65,0.475,0.8500000000000001,19.145610628154593,22.78730213590246,17.993910902088952,18.810470737934754,8.432890564715429,12.152070275063023,21.600938645577806,18.754033819911022,22.564195800560423,22.10782102221279,1.2556206281445634,11.979798102254344,21.600938645577806,20.560715317903604,5.18850886712982,21.233772229303028,23.279500371493462,molto alto,molto alto,alto,molto alto,alto,alto,molto alto,molto alto,molto alto,molto alto,molto basso,alto,alto,alto,medio,molto alto,molto alto,4,4,3,4,3,3,4,4,4,4,0,3,3,3,2,4,4,9,14,98,55,22.1,13
5112,2024-06-14 23:00:00+00:00,75,0,0,186,2024-06-14T23:00:00Z,1253.939915706843,0,6,-10,0,0,11,0,1.3635012741777806,528.3133048855169,8,0.6,0.5,0.8,0.5532298551731762,2.6276585320620685,0.9231379125109511,1.4227278801511458,0.14022852452292475,0,1.5599892580304116,0.5032313782653961,1.7492558777158518,2.874811689838389,1.1833783913143106,0.22963642708650267,1.5599892580304116,1.4130867655343975,0,1.4110077885527539,2.072222047130902,molto basso,basso,molto basso,molto basso,molto basso,molto basso,molto basso,molto basso,medio,basso,molto basso,molto basso,molto basso,molto basso,molto basso,molto basso,molto basso,0,1,0,0,0,0,0,0,2,1,0,0,0,0,0,0,0,3,0,90,42,24,11.9
5112,2024-06-15 23:00:00+00:00,75,0,0,186,2024-06-15T23:00:00Z,1269.2000634254352,0,6,-10,0,0,11,0,3.0571636642255178,531.3704685497424,8,0.6,0.5,0.8,2.576127815486365,3.9917854763762524,2.414689532056165,2.6938329958440668,0.8740017603092087,0.11774690832266618,3.1798835834451866,2.464421589497853,3.42373945287014,3.9378825704508973,0.17345686931796597,1.330488190493033,3.1798835834451866,2.9580530789892556,0.030229517272093807,3.0898433012079796,3.6492031877954645,basso,basso,molto basso,basso,molto basso,molto basso,basso,medio,alto,medio,molto basso,molto basso,molto basso,molto basso,molto basso,basso,basso,1,1,0,1,0,0,1,2,3,2,0,0,0,0,0,1,1,4,0,92,47,25.6,14.7
5112,2024-06-16 23:00:00+00:00,76,0,0,186,2024-06-16T23:00:00Z,1283.8562823236127,0,6,-10,0,0,11,0,10.291252943923967,541.6617214936664,8,0.3,0.55,0.7,7.800860784769281,6.689872136951843,7.159978072126787,6.967609768346024,3.9618382963879357,7.255468312989987,7.874821327939911,7.768683745933258,7.983785186814541,6.229670474116055,0.0004800816534661385,5.452050074117356,7.874821327939911,7.654158765197679,3.3261915733206906,7.8615197252521725,7.914200924060495,molto alto,medio,basso,alto,basso,alto,alto,molto alto,molto alto,alto,molto basso,basso,medio,basso,basso,alto,alto,4,2,1,3,1,3,3,4,4,3,0,1,2,1,1,3,3,9,0,94,54,27.3,18
5112,2024-06-17 23:00:00+00:00,76,0,0,186,2024-06-17T23:00:00Z,1298.256673852224,0,6,-10,0,0,11,0,0,541.6617214936664,8,0.3,0.55,0.7,0,0,0,0,0,0,0,0,0,0,0,0,0,0,0,0,0,molto basso,molto basso,molto basso,molto basso,molto basso,molto basso,molto basso,molto basso,molto basso,molto basso,molto basso,molto basso,molto basso,molto basso,molto basso,molto basso,molto basso,0,0,0,0,0,0,0,0,0,0,0,0,0,0,0,0,0,0,0,85,40,28.5,16
5112,2024-06-18 23:00:00+00:00,77,0,0,186,2024-06-18T23:00:00Z,1312.0716850354454,0,6,-10,0,0,11,0,0,541.6617214936664,8,0,0.6,0.6,0,0,0,0,0,0,0,0,0,0,0,0,0,0,0,0,0,molto basso,molto basso,molto basso,molto basso,molto basso,molto basso,molto basso,molto basso,molto basso,molto basso,molto basso,molto basso,molto basso,molto basso,molto basso,molto basso,molto basso,0,0,0,0,0,0,0,0,0,0,0,0,0,0,0,0,0,0,0,83,38,29.1,16.2
5112,2024-06-19 23:00:00+00:00,77,0,0,186,2024-06-19T23:00:00Z,1324.3012099401458,0,6,-10,0,0,11,0,0,541.6617214936664,8,0,0.6,0.6,0,0,0,0,0,0,0,0,0,0,0,0,0,0,0,0,0,molto basso,molto basso,molto basso,molto basso,molto basso,molto basso,molto basso,molto basso,molto basso,molto basso,molto basso,molto basso,molto basso,molto basso,molto basso,molto basso,molto basso,0,0,0,0,0,0,0,0,0,0,0,0,0,0,0,0,0,0,0,85,42,29.9,18.1
5112,2024-06-20 23:00:00+00:00,77,0,0,186,2024-06-20T23:00:00Z,1334.7515458832315,0,6,-10,0,0,11,0,1.507887348776736,543.1696088424432,8,0,0.6,0.6,0.9881273064973657,0.6546296094853793,0.9866786326017554,0.9512927935207446,0.661853603824496,0.959260641036766,0.9917454764852064,0.9854672647713771,0.9616479332013608,0.5846775087656677,0,0.8500928534655633,0.9917454764852064,0.9999088229422228,0.7180059178434148,0.9909317687937378,0.8642359503428337,molto basso,molto basso,molto basso,molto basso,molto basso,molto basso,molto basso,basso,basso,molto basso,molto basso,molto basso,molto basso,molto basso,molto basso,molto basso,molto basso,0,0,0,0,0,0,0,1,1,0,0,0,0,0,0,0,0,1,0,88,50,30.6,20.9
5112,2024-06-21 23:00:00+00:00,77,0,0,186,2024-06-21T23:00:00Z,1345.2236857140524,0,6,20,80,0,11,0,4.261775001818905,547.4313838442621,8,0,0.6,0.6,2.914093359124229,1.8233071022424434,2.9870135297893508,2.895231991498182,2.0986090912347173,2.715603817429281,2.938640594642281,2.8936190726734967,2.8151306925437107,1.605209800365921,0,2.646931691606615,2.938640594642281,2.994816518022073,2.3357847093207704,2.932738544767042,2.410782002177469,medio,molto basso,molto basso,basso,basso,basso,basso,medio,alto,basso,molto basso,molto basso,molto basso,molto basso,basso,basso,basso,2,0,0,1,1,1,1,2,3,1,0,0,0,0,1,1,1,3,0,88,50,30.9,21.2
5112,2024-06-22 23:00:00+00:00,77,0,0,186,2024-06-22T23:00:00Z,1356.7054284639175,0,6,-10,70,0,11,0,1.2746342637836356,548.7060181080457,8,0,0.6,0.6,0.9606123220733115,0.8659040473750641,0.8717214814602324,0.8534969305674486,0.46421507461633926,0.8522456713721668,0.9753802506777238,0.9543926707617518,0.9962747026461273,0.810968339207777,0.00009625426238369792,0.646946182105078,0.9753802506777238,0.9425177363529303,0.3571548969796851,0.9727542269738277,0.9978787674094839,molto basso,molto basso,molto basso,molto basso,molto basso,molto basso,molto basso,basso,basso,molto basso,molto basso,molto basso,molto basso,molto basso,molto basso,molto basso,molto basso,0,0,0,0,0,0,0,1,1,0,0,0,0,0,0,0,0,1,0,87,45,29.5,18.4
5112,2024-06-23 23:00:00+00:00,78,0,0,186,2024-06-23T23:00:00Z,1369.4332157641911,0,6,-10,60,0,11,0,14.053149415762197,562.7591675238078,8,0,0.65,0.44999999999999996,8.553966865107295,5.224663277806035,8.918655618140242,8.721551000973156,6.47210720246585,7.631287056741774,8.66452446328247,8.436802515935288,8.238558493919935,4.556153291325201,0,8.051050658373425,8.66452446328247,8.89868883378518,7.217703329763118,8.633940629379325,6.630494180170586,molto alto,medio,medio,alto,alto,alto,alto,molto alto,molto alto,medio,molto basso,basso,medio,medio,alto,alto,medio,4,2,2,3,3,3,3,4,4,2,0,1,2,2,3,3,2,10,0,100,66,27.4,20.5
5112,2024-06-24 23:00:00+00:00,78,0,0,186,2024-06-24T23:00:00Z,1382.1351451991657,0,6,-10,100,0,11,0,12.647746745255459,575.4069142690632,8,0,0.65,0.44999999999999996,8.598388071562537,5.224344149474213,8.95956483514818,8.737955049976303,6.481482006460642,7.726971576489681,8.704352231103318,8.4967690249573,8.277006774212083,4.555730038435352,0,8.077425217604098,8.704352231103318,8.933825147388573,7.2664253236411245,8.676761810660413,6.770440637891651,molto alto,medio,medio,alto,alto,alto,alto,molto alto,molto alto,medio,molto basso,basso,medio,medio,alto,alto,medio,4,2,2,3,3,3,3,4,4,2,0,1,2,2,3,3,2,9,0,98,63,28.1,20.7
5112,2024-06-25 23:00:00+00:00,78,0,0,186,2024-06-25T23:00:00Z,1395.3784909034264,0,6,-10,90,0,11,0,3.961637505140049,579.3685517742033,8,0,0.65,0.44999999999999996,1.9923015556186905,1.3830196318088919,1.9510684316725984,1.877318869744601,1.2620002754372375,1.9730211711313634,1.9947395293762684,1.9906511768386128,1.9521012822776442,1.2475121593033756,0,1.6436800968655627,1.9947395293762684,1.9953118968887438,1.3307211023677483,1.9942132678197275,1.8047028417464661,basso,molto basso,molto basso,molto basso,molto basso,molto basso,basso,medio,medio,molto basso,molto basso,molto basso,molto basso,molto basso,molto basso,basso,molto basso,1,0,0,0,0,0,1,2,2,0,0,0,0,0,0,1,0,3,0,99,63,26.9,19.5
5112,2024-06-26 23:00:00+00:00,78,0,0,186,2024-06-26T23:00:00Z,1410.6377663016856,0,6,-10,80,0,11,0,2.796869962564001,582.1654217367673,8,0,0.65,0.44999999999999996,2.432705486154771,2.9131058626138664,2.1784552188837756,2.261476960944234,0.9471065145465805,1.0126158034388588,2.665159253698396,2.3701814174897455,2.8120741325681817,2.8045380077303745,0.02302396282130221,1.3931584369646033,2.665159253698396,2.514355492057937,0.3001708918322958,2.6284621973054074,2.9205833687360814,basso,basso,molto basso,basso,molto basso,molto basso,basso,medio,alto,basso,molto basso,molto basso,molto basso,molto basso,molto basso,basso,basso,1,1,0,1,0,0,1,2,3,1,0,0,0,0,0,1,1,3,0,89,44,27.7,16.3
5112,2024-06-27 23:00:00+00:00,78,0,0,186,2024-06-27T23:00:00Z,1424.7935697133457,0,6,-10,70,0,11,0,0,582.1654217367673,8,0,0.65,0.44999999999999996,0,0,0,0,0,0,0,0,0,0,0,0,0,0,0,0,0,molto basso,molto basso,molto basso,molto basso,molto basso,molto basso,molto basso,molto basso,molto basso,molto basso,molto basso,molto basso,molto basso,molto basso,molto basso,molto basso,molto basso,0,0,0,0,0,0,0,0,0,0,0,0,0,0,0,0,0,0,0,79,34,30.2,16.2
5112,2024-06-28 23:00:00+00:00,79,0,0,186,2024-06-28T23:00:00Z,1436.0810535570477,0,6,-10,60,0,11,0,0,582.1654217367673,8,0,0.7,0.3,0,0,0,0,0,0,0,0,0,0,0,0,0,0,0,0,0,molto basso,molto basso,molto basso,molto basso,molto basso,molto basso,molto basso,molto basso,molto basso,molto basso,molto basso,molto basso,molto basso,molto basso,molto basso,molto basso,molto basso,0,0,0,0,0,0,0,0,0,0,0,0,0,0,0,0,0,0,0,85,44,31,19.9
5112,2024-06-29 23:00:00+00:00,79,0,0,186,2024-06-29T23:00:00Z,1445.1490232701594,0,6,-10,100,0,11,0,0,582.1654217367673,8,0,0.7,0.3,0,0,0,0,0,0,0,0,0,0,0,0,0,0,0,0,0,molto basso,molto basso,molto basso,molto basso,molto basso,molto basso,molto basso,molto basso,molto basso,molto basso,molto basso,molto basso,molto basso,molto basso,molto basso,molto basso,molto basso,0,0,0,0,0,0,0,0,0,0,0,0,0,0,0,0,0,0,0,81,40,32.4,20.6
5112,2024-06-30 23:00:00+00:00,79,0,0,186,2024-06-30T23:00:00Z,1454.841680541684,0,6,20,100,0,11,0,11.515032816165354,593.6804545529326,8,0,0.7,0.3,6.516694730214104,3.7172162116861736,6.99405843403849,6.8812234950408255,5.309626410942836,5.496432520804114,6.639804578333137,6.391367684128805,6.226646565788872,3.176927325321798,0,6.493367075477893,6.639804578333137,6.901033761507364,6.049989514361965,6.6065934462915745,4.697035417842245,alto,basso,basso,medio,medio,medio,alto,alto,molto alto,basso,molto basso,basso,basso,basso,medio,alto,basso,3,1,1,2,2,2,3,3,4,1,0,1,1,1,2,3,1,8,0,90,53,30.9,21.9
5112,2024-07-01 23:00:00+00:00,79,0,0,186,2024-07-01T23:00:00Z,1469.4905182401228,0,6,-10,90,0,11,0,5.396695756503718,599.0771503094363,8,0,0.7,0.3,3.762636387928069,3.5121978657861073,3.412831058260879,3.36470267987904,1.7857315152066926,3.1139790670050815,3.8546468460062284,3.728844057943615,3.9511329518522027,3.3011065720049144,0.0019799949991544867,2.497992815734705,3.8546468460062284,3.7158370748874114,1.2992043816404408,3.838966751247788,3.9693923857812483,alto,basso,basso,basso,molto basso,basso,basso,alto,alto,basso,molto basso,molto basso,basso,basso,molto basso,basso,basso,3,1,1,1,0,1,1,3,3,1,0,0,1,1,0,1,1,5,16.200000000000003,84,40,29.5,17.3
5112,2024-07-02 23:00:00+00:00,79,0,0,186,2024-07-02T23:00:00Z,1484.247587469135,0,6,-10,80,0,11,0,2.457392348396337,601.5345426578326,8,0,0.7,0.3,4.594603555275088,4.475695138739355,4.1561172129330535,4.129881501370258,2.116551144365576,3.5144103126825224,4.754957219152252,4.541426807907969,4.898077635436542,4.2258067465546425,0.007434829444005406,2.9820667369007783,4.754957219152252,4.567115495653407,1.4214462615132673,4.7283688700278494,4.94943750540601,alto,basso,basso,basso,basso,basso,medio,alto,alto,medio,molto basso,molto basso,basso,basso,molto basso,medio,medio,3,1,1,1,1,1,2,3,3,2,0,0,1,1,0,2,2,2,1.5999999999999999,84,38,27.7,14.5
5112,2024-07-03 23:00:00+00:00,80,0,0,186,2024-07-03T23:00:00Z,1499.524871407947,0,6,-10,70,0,11,0,11.996601001731209,613.5311436595638,8,0,0.75,0.15000000000000002,15.090325665585638,15.419124013933928,13.693737253919258,13.753406572302053,6.81018486099701,10.270426111722074,15.864111203545654,14.868298373122604,16.41139467052975,14.632533337338188,0.0703163057028264,9.635825692252082,15.864111203545654,15.193722185428033,4.235658736035057,15.74010096066683,16.656731394565345,molto alto,alto,alto,alto,alto,alto,molto alto,molto alto,molto alto,molto alto,molto basso,medio,alto,alto,medio,molto alto,molto alto,4,3,3,3,3,3,4,4,4,4,0,2,3,3,2,4,4,12,27.799999999999997,94,52,25.9,16.1
5112,2024-07-04 23:00:00+00:00,80,0,0,186,2024-07-04T23:00:00Z,1514.5972145916471,0,6,-10,60,0,11,0,7.630009743694094,621.1611534032579,8,0,0.75,0.15000000000000002,5.947685068368514,6.652076022408407,5.325627417260532,5.440035561569905,2.441819783678079,3.2636228596635966,6.374555825911408,5.825284744862467,6.676795417571546,6.365667898107322,0.035860470678204165,3.5432374261407147,6.374555825911408,6.0463203246361985,1.083256206619851,6.306207341655603,6.8803118577490565,alto,medio,basso,medio,basso,basso,alto,alto,molto alto,alto,molto basso,molto basso,basso,basso,molto basso,alto,medio,3,2,1,2,1,1,3,3,4,3,0,0,1,1,0,3,2,8,0.2,93,50,26.5,16.3
5112,2024-07-05 23:00:00+00:00,80,0,0,186,2024-07-05T23:00:00Z,1529.1749779327847,0,6,-10,50,0,11,0,0,621.1611534032579,8,0,0.75,0.15000000000000002,0,0,0,0,0,0,0,0,0,0,0,0,0,0,0,0,0,molto basso,molto basso,molto basso,molto basso,molto basso,molto basso,molto basso,molto basso,molto basso,molto basso,molto basso,molto basso,molto basso,molto basso,molto basso,molto basso,molto basso,0,0,0,0,0,0,0,0,0,0,0,0,0,0,0,0,0,0,0,85,39,28.1,15.4
5112,2024-07-06 23:00:00+00:00,80,0,0,186,2024-07-06T23:00:00Z,1542.8402828482579,0,6,-10,100,0,11,0,4.043006597662347,625.2041600009203,8,0,0.75,0.15000000000000002,3.5564339383306454,3.734126878349,3.176239395925833,3.197184073967895,1.5164587008574406,2.3640817227095474,3.7324032725878187,3.4986082449972775,3.885360959505226,3.5512234735991375,0.007119578242642024,2.1805169496405092,3.7324032725878187,3.5557245568302513,0.8077562214879878,3.703320155869657,3.976807897849135,alto,basso,molto basso,basso,molto basso,basso,basso,alto,alto,medio,molto basso,molto basso,basso,molto basso,molto basso,basso,basso,3,1,0,1,0,1,1,3,3,2,0,0,1,0,0,1,1,4,0,89,45,28.3,17.2
5112,2024-07-07 23:00:00+00:00,80,0,0,186,2024-07-07T23:00:00Z,1555.1932999318392,0,6,-10,90,0,11,0,14.225629670431923,639.4297896713522,8,0,0.75,0.15000000000000002,8.459170505793015,4.951638421602718,8.97525263911793,8.803240432267078,6.692096994781275,7.314092678126196,8.597440621736123,8.319370847699501,8.106622694737169,4.267068923490615,0,8.240868338382693,8.597440621736123,8.892630012446432,7.575070735389806,8.5602887701758,6.305711564411359,molto alto,medio,medio,alto,alto,alto,alto,molto alto,molto alto,medio,molto basso,basso,medio,medio,alto,alto,medio,4,2,2,3,3,3,3,4,4,2,0,1,2,2,3,3,2,10,0,96,60,28.8,20.9
5112,2024-07-08 23:00:00+00:00,81,0,0,186,2024-07-08T23:00:00Z,1566.0487626154875,0,6,-10,80,0,11,0,0,639.4297896713522,8,0,0.8,0,0,0,0,0,0,0,0,0,0,0,0,0,0,0,0,0,0,molto basso,molto basso,molto basso,molto basso,molto basso,molto basso,molto basso,molto basso,molto basso,molto basso,molto basso,molto basso,molto basso,molto basso,molto basso,molto basso,molto basso,0,0,0,0,0,0,0,0,0,0,0,0,0,0,0,0,0,0,0,80,38,31.7,19
5112,2024-07-09 23:00:00+00:00,81,0,0,186,2024-07-09T23:00:00Z,1573.9425272185229,0,6,-10,70,0,11,0,0,639.4297896713522,8,0,0.8,0,0,0,0,0,0,0,0,0,0,0,0,0,0,0,0,0,0,molto basso,molto basso,molto basso,molto basso,molto basso,molto basso,molto basso,molto basso,molto basso,molto basso,molto basso,molto basso,molto basso,molto basso,molto basso,molto basso,molto basso,0,0,0,0,0,0,0,0,0,0,0,0,0,0,0,0,0,0,0,69,27,34.5,18.9
5112,2024-07-10 23:00:00+00:00,81,0,0,186,2024-07-10T23:00:00Z,1577.355852682852,0,6,-10,60,0,11,0,0,639.4297896713522,8,0,0.8,0,0,0,0,0,0,0,0,0,0,0,0,0,0,0,0,0,0,molto basso,molto basso,molto basso,molto basso,molto basso,molto basso,molto basso,molto basso,molto basso,molto basso,molto basso,molto basso,molto basso,molto basso,molto basso,molto basso,molto basso,0,0,0,0,0,0,0,0,0,0,0,0,0,0,0,0,0,0,0,69,30,35.7,21.3
5112,2024-07-11 23:00:00+00:00,81,0,0,186,2024-07-11T23:00:00Z,1579.7431558735243,0,6,-10,50,0,11,0,0,639.4297896713522,8,0,0.8,0,0,0,0,0,0,0,0,0,0,0,0,0,0,0,0,0,0,molto basso,molto basso,molto basso,molto basso,molto basso,molto basso,molto basso,molto basso,molto basso,molto basso,molto basso,molto basso,molto basso,molto basso,molto basso,molto basso,molto basso,0,0,0,0,0,0,0,0,0,0,0,0,0,0,0,0,0,0,0,77,40,34.6,23.3
5112,2024-07-12 23:00:00+00:00,81,0,0,186,2024-07-12T23:00:00Z,1588.8777154577729,0,6,-10,40,0,11,0,0,639.4297896713522,8,0,0.8,0,0,0,0,0,0,0,0,0,0,0,0,0,0,0,0,0,0,molto basso,molto basso,molto basso,molto basso,molto basso,molto basso,molto basso,molto basso,molto basso,molto basso,molto basso,molto basso,molto basso,molto basso,molto basso,molto basso,molto basso,0,0,0,0,0,0,0,0,0,0,0,0,0,0,0,0,0,0,0,83,45,32.6,22.1
5112,2024-07-13 23:00:00+00:00,81,0,0,186,2024-07-13T23:00:00Z,1597.0440646126756,0,6,-10,90,0,11,0,0,639.4297896713522,8,0,0.8,0,0,0,0,0,0,0,0,0,0,0,0,0,0,0,0,0,0,molto basso,molto basso,molto basso,molto basso,molto basso,molto basso,molto basso,molto basso,molto basso,molto basso,molto basso,molto basso,molto basso,molto basso,molto basso,molto basso,molto basso,0,0,0,0,0,0,0,0,0,0,0,0,0,0,0,0,0,0,0,80,39,32.5,20.5
5112,2024-07-14 23:00:00+00:00,81,0,0,186,2024-07-14T23:00:00Z,1604.6032727231982,0,6,-10,80,0,11,0,0,639.4297896713522,8,0,0.8,0,0,0,0,0,0,0,0,0,0,0,0,0,0,0,0,0,0,molto basso,molto basso,molto basso,molto basso,molto basso,molto basso,molto basso,molto basso,molto basso,molto basso,molto basso,molto basso,molto basso,molto basso,molto basso,molto basso,molto basso,0,0,0,0,0,0,0,0,0,0,0,0,0,0,0,0,0,0,0,81,42,32.8,21.6
5112,2024-07-15 23:00:00+00:00,81,0,0,186,2024-07-15T23:00:00Z,1613.9270933562811,0,6,-10,70,0,11,0,0,639.4297896713522,8,0,0.8,0,0,0,0,0,0,0,0,0,0,0,0,0,0,0,0,0,0,molto basso,molto basso,molto basso,molto basso,molto basso,molto basso,molto basso,molto basso,molto basso,molto basso,molto basso,molto basso,molto basso,molto basso,molto basso,molto basso,molto basso,0,0,0,0,0,0,0,0,0,0,0,0,0,0,0,0,0,0,0,73,32,33.5,19.3
5112,2024-07-16 23:00:00+00:00,81,0,0,186,2024-07-16T23:00:00Z,1622.0393760144686,0,6,-10,60,0,11,0,0,639.4297896713522,8,0,0.8,0,0,0,0,0,0,0,0,0,0,0,0,0,0,0,0,0,0,molto basso,molto basso,molto basso,molto basso,molto basso,molto basso,molto basso,molto basso,molto basso,molto basso,molto basso,molto basso,molto basso,molto basso,molto basso,molto basso,molto basso,0,0,0,0,0,0,0,0,0,0,0,0,0,0,0,0,0,0,0,75,34,33.5,20
5112,2024-07-17 23:00:00+00:00,81,0,0,186,2024-07-17T23:00:00Z,1627.7917035200066,0,6,-10,50,0,11,0,0,639.4297896713522,8,0,0.8,0,0,0,0,0,0,0,0,0,0,0,0,0,0,0,0,0,0,molto basso,molto basso,molto basso,molto basso,molto basso,molto basso,molto basso,molto basso,molto basso,molto basso,molto basso,molto basso,molto basso,molto basso,molto basso,molto basso,molto basso,0,0,0,0,0,0,0,0,0,0,0,0,0,0,0,0,0,0,0,71,32,35,21.2
5112,2024-07-18 23:00:00+00:00,81,0,0,186,2024-07-18T23:00:00Z,1631.885939599117,0,6,-10,40,0,11,0,0,639.4297896713522,8,0,0.8,0,0,0,0,0,0,0,0,0,0,0,0,0,0,0,0,0,0,molto basso,molto basso,molto basso,molto basso,molto basso,molto basso,molto basso,molto basso,molto basso,molto basso,molto basso,molto basso,molto basso,molto basso,molto basso,molto basso,molto basso,0,0,0,0,0,0,0,0,0,0,0,0,0,0,0,0,0,0,0,77,40,34.8,23.4
5112,2024-07-19 23:00:00+00:00,81,0,0,186,2024-07-19T23:00:00Z,1634.5094713986655,0,6,-10,30,0,11,0,0,639.4297896713522,8,0,0.8,0,0,0,0,0,0,0,0,0,0,0,0,0,0,0,0,0,0,molto basso,molto basso,molto basso,molto basso,molto basso,molto basso,molto basso,molto basso,molto basso,molto basso,molto basso,molto basso,molto basso,molto basso,molto basso,molto basso,molto basso,0,0,0,0,0,0,0,0,0,0,0,0,0,0,0,0,0,0,0,73,35,35.1,22.2
5112,2024-07-20 23:00:00+00:00,81,0,0,186,2024-07-20T23:00:00Z,1645.1612266080042,0,6,20,100,0,11,0,5.800874004167098,645.2306636755193,8,0,0.8,0,3.724188656298525,2.1794726039991574,3.9643377343437307,3.907949905199776,2.9859695535573056,3.182923774826172,3.7877176273031785,3.64916872394673,3.5658965811432424,1.8741195407158797,0,3.660019346278669,3.7877176273031785,3.9270981428542813,3.3614052310592992,3.7688910897363526,2.638456835808481,alto,basso,basso,basso,basso,basso,basso,alto,alto,basso,molto basso,basso,basso,basso,basso,basso,basso,3,1,1,1,1,1,1,3,3,1,0,1,1,1,1,1,1,4,3.4000000000000004,90,52,30.5,21.2
5112,2024-07-21 23:00:00+00:00,81,0,0,186,2024-07-21T23:00:00Z,1655.4500255406347,0,6,-10,90,0,11,0,0,645.2306636755193,8,0,0.8,0,0,0,0,0,0,0,0,0,0,0,0,0,0,0,0,0,0,molto basso,molto basso,molto basso,molto basso,molto basso,molto basso,molto basso,molto basso,molto basso,molto basso,molto basso,molto basso,molto basso,molto basso,molto basso,molto basso,molto basso,0,0,0,0,0,0,0,0,0,0,0,0,0,0,0,0,0,0,0,83,41,31,19.1
5112,2024-07-22 23:00:00+00:00,81,0,0,186,2024-07-22T23:00:00Z,1666.6516998426378,0,6,-10,80,0,11,0,3.083613567684799,648.3142772432041,8,0,0.8,0,1.709878952525719,0.8834451343561767,1.9440583819338957,1.9846395949886402,1.643081053314888,1.2110014399364548,1.764926806192837,1.6248079942351774,1.6086292408715406,0.7191689239200758,0,1.9240980693152405,1.764926806192837,1.890114480304446,1.8580926564291356,1.745349026852963,0.6552059420590914,basso,molto basso,molto basso,molto basso,molto basso,molto basso,molto basso,medio,medio,molto basso,molto basso,molto basso,molto basso,molto basso,basso,molto basso,molto basso,1,0,0,0,0,0,0,2,2,0,0,0,0,0,1,0,0,2,1.4,81,41,32.6,21
5112,2024-07-23 23:00:00+00:00,81,0,0,186,2024-07-23T23:00:00Z,1677.893101335557,0,6,-10,100,0,11,0,0,648.3142772432041,8,0,0.8,0,0,0,0,0,0,0,0,0,0,0,0,0,0,0,0,0,0,molto basso,molto basso,molto basso,molto basso,molto basso,molto basso,molto basso,molto basso,molto basso,molto basso,molto basso,molto basso,molto basso,molto basso,molto basso,molto basso,molto basso,0,0,0,0,0,0,0,0,0,0,0,0,0,0,0,0,0,0,0,82,41,31.6,19.8
5112,2024-07-24 23:00:00+00:00,82,0,0,186,2024-07-24T23:00:00Z,1687.7730946073323,0,6,-10,90,0,11,0,0,648.3142772432041,8,0,0.8500000000000001,0,0,0,0,0,0,0,0,0,0,0,0,0,0,0,0,0,0,molto basso,molto basso,molto basso,molto basso,molto basso,molto basso,molto basso,molto basso,molto basso,molto basso,molto basso,molto basso,molto basso,molto basso,molto basso,molto basso,molto basso,0,0,0,0,0,0,0,0,0,0,0,0,0,0,0,0,0,0,0,83,42,31.6,20.2
5112,2024-07-25 23:00:00+00:00,82,0,0,186,2024-07-25T23:00:00Z,1698.6077148562802,0,6,-10,80,0,11,0,4.187851896295663,652.5021291394997,8,0,0.8500000000000001,0,1.95461247333991,1.2437873363076708,1.987386608045108,1.9224661814684256,1.3767466151259677,1.8477990419898251,1.9678845629089619,1.9440153152206576,1.892191117218239,1.1000401330130667,0,1.746204939799998,1.9678845629089619,1.9988037870199722,1.5224466972824504,1.964768156257551,1.6475866372638515,basso,molto basso,molto basso,molto basso,molto basso,molto basso,basso,medio,medio,molto basso,molto basso,molto basso,molto basso,molto basso,molto basso,basso,molto basso,1,0,0,0,0,0,1,2,2,0,0,0,0,0,0,1,0,3,0,89,50,30.3,20.7
5112,2024-07-26 23:00:00+00:00,82,0,0,186,2024-07-26T23:00:00Z,1710.1149631624494,0,6,-10,70,0,11,0,0,652.5021291394997,8,0,0.8500000000000001,0,0,0,0,0,0,0,0,0,0,0,0,0,0,0,0,0,0,molto basso,molto basso,molto basso,molto basso,molto basso,molto basso,molto basso,molto basso,molto basso,molto basso,molto basso,molto basso,molto basso,molto basso,molto basso,molto basso,molto basso,0,0,0,0,0,0,0,0,0,0,0,0,0,0,0,0,0,0,0,82,39,31.1,18.8
5112,2024-07-27 23:00:00+00:00,82,0,0,186,2024-07-27T23:00:00Z,1719.9639757672646,0,6,-10,100,0,11,0,0,652.5021291394997,8,0,0.8500000000000001,0,0,0,0,0,0,0,0,0,0,0,0,0,0,0,0,0,0,molto basso,molto basso,molto basso,molto basso,molto basso,molto basso,molto basso,molto basso,molto basso,molto basso,molto basso,molto basso,molto basso,molto basso,molto basso,molto basso,molto basso,0,0,0,0,0,0,0,0,0,0,0,0,0,0,0,0,0,0,0,78,35,32.1,18.8
5112,2024-07-28 23:00:00+00:00,82,0,0,186,2024-07-28T23:00:00Z,1728.795782300495,0,6,-10,90,0,11,0,4.434826486559885,656.9369556260597,8,0,0.8500000000000001,0,1.8396834496364285,1.0271754254238916,1.9962626809630495,1.972802208867465,1.5430829525165197,1.5080995681495175,1.879449612988187,1.797436245592759,1.7534099281367934,0.8707685143740627,0,1.873567812897366,1.879449612988187,1.962968956341687,1.7632507302974483,1.8684384282559519,1.2690455849970737,basso,molto basso,molto basso,molto basso,molto basso,molto basso,basso,medio,medio,molto basso,molto basso,molto basso,molto basso,molto basso,molto basso,basso,molto basso,1,0,0,0,0,0,1,2,2,0,0,0,0,0,0,1,0,3,13.6,78,37,32.6,19.8
5112,2024-07-29 23:00:00+00:00,82,0,0,186,2024-07-29T23:00:00Z,1738.217063825711,0,6,20,100,0,11,0,1.5797950790791888,658.5167507051389,8,0,0.8500000000000001,0,2.783150841493391,1.5783588418632475,2.9962626809630493,2.9518159041949334,2.2864913324723384,2.3287428478669794,2.837860584201872,2.726591355119748,2.6574299808887853,1.345945895567557,0,2.7904087562816375,2.837860584201872,2.9536067959858734,2.6071187063937646,2.8229625686782835,1.9808835985669093,basso,molto basso,molto basso,basso,basso,basso,basso,medio,alto,molto basso,molto basso,molto basso,molto basso,molto basso,basso,basso,molto basso,1,0,0,1,1,1,1,2,3,0,0,0,0,0,1,1,0,1,0.6,85,46,32,21.7
5112,2024-07-30 23:00:00+00:00,82,0,0,186,2024-07-30T23:00:00Z,1748.2047287356552,0,6,-10,100,0,11,0,0,658.5167507051389,8,0,0.8500000000000001,0,0,0,0,0,0,0,0,0,0,0,0,0,0,0,0,0,0,molto basso,molto basso,molto basso,molto basso,molto basso,molto basso,molto basso,molto basso,molto basso,molto basso,molto basso,molto basso,molto basso,molto basso,molto basso,molto basso,molto basso,0,0,0,0,0,0,0,0,0,0,0,0,0,0,0,0,0,0,0,83,42,31.8,20.4
5112,2024-07-31 23:00:00+00:00,82,0,0,186,2024-07-31T23:00:00Z,1757.3889730873177,0,6,-10,90,0,11,0,0,658.5167507051389,8,0,0.8500000000000001,0,0,0,0,0,0,0,0,0,0,0,0,0,0,0,0,0,0,molto basso,molto basso,molto basso,molto basso,molto basso,molto basso,molto basso,molto basso,molto basso,molto basso,molto basso,molto basso,molto basso,molto basso,molto basso,molto basso,molto basso,0,0,0,0,0,0,0,0,0,0,0,0,0,0,0,0,0,0,0,77,35,32.9,19.7
5112,2024-08-01 23:00:00+00:00,82,0,0,186,2024-08-01T23:00:00Z,1767.4831284335687,0,6,-10,80,0,11,0,5.625287663277747,664.1420383684166,8,0,0.8500000000000001,0,2.905661403836013,1.8230350954320902,2.979840916995917,2.8923445851667924,2.0970767593073405,2.6950272325000073,2.931482414196819,2.8824219842109926,2.808085322394756,1.6049276841630458,0,2.6423338800623717,2.931482414196819,2.988554306339444,2.3274344389741692,2.9250018909491646,2.389197450306708,medio,molto basso,molto basso,basso,basso,basso,basso,medio,alto,basso,molto basso,molto basso,molto basso,molto basso,basso,basso,basso,2,0,0,1,1,1,1,2,3,1,0,0,0,0,1,1,1,4,9.4,81,41,32.5,21
5112,2024-08-02 23:00:00+00:00,82,0,0,186,2024-08-02T23:00:00Z,1779.3558304526944,0,6,-10,100,0,11,0,4.091799825830764,668.2338381942474,8,0,0.8500000000000001,0,5.876158329656663,3.850148198035223,5.915092872138542,5.721950879565882,4.027839411452339,5.594556010054371,5.91084889676509,5.846214749527629,5.712279726441278,3.4260654289357166,0,5.139924766850434,5.91084889676509,5.979466000356591,4.384307711057527,5.902344984047871,5.035614782551008,alto,basso,basso,medio,basso,medio,medio,alto,molto alto,basso,molto basso,basso,basso,basso,medio,medio,medio,3,1,1,2,1,2,2,3,4,1,0,1,1,1,2,2,2,3,2.8000000000000003,82,41,31.2,19.3
5112,2024-08-03 23:00:00+00:00,82,0,0,186,2024-08-03T23:00:00Z,1791.347866900068,0,6,-10,90,0,11,0,0,668.2338381942474,8,0,0.8500000000000001,0,0,0,0,0,0,0,0,0,0,0,0,0,0,0,0,0,0,molto basso,molto basso,molto basso,molto basso,molto basso,molto basso,molto basso,molto basso,molto basso,molto basso,molto basso,molto basso,molto basso,molto basso,molto basso,molto basso,molto basso,0,0,0,0,0,0,0,0,0,0,0,0,0,0,0,0,0,0,0,82,40,31,18.8
5112,2024-08-04 23:00:00+00:00,82,0,0,186,2024-08-04T23:00:00Z,1801.8054767682622,0,6,-10,80,0,11,0,0,668.2338381942474,8,0,0.8500000000000001,0,0,0,0,0,0,0,0,0,0,0,0,0,0,0,0,0,0,molto basso,molto basso,molto basso,molto basso,molto basso,molto basso,molto basso,molto basso,molto basso,molto basso,molto basso,molto basso,molto basso,molto basso,molto basso,molto basso,molto basso,0,0,0,0,0,0,0,0,0,0,0,0,0,0,0,0,0,0,0,82,41,32,20.4
5112,2024-08-05 23:00:00+00:00,82,0,0,186,2024-08-05T23:00:00Z,1812.993861856084,0,6,-10,70,0,11,0,6.832535707347144,675.0663739015945,8,0,0.8500000000000001,0,4.902574192187081,3.2329697561930972,4.922356139062114,4.760085066157115,3.3361135615159294,4.680544665965234,4.929941343924448,4.879034263327432,4.770268819918859,2.881018695675878,0,4.26478768553652,4.929941343924448,4.981826893338068,3.6191487147877104,4.923247420451096,4.224183862569887,alto,basso,basso,basso,basso,basso,medio,alto,alto,basso,molto basso,basso,basso,basso,basso,medio,basso,3,1,1,1,1,1,2,3,3,1,0,1,1,1,1,2,1,5,5.4,83,43,31.5,20.2
5112,2024-08-06 23:00:00+00:00,83,0,0,186,2024-08-06T23:00:00Z,1823.304858928351,0,6,20,100,0,11,0,0,675.0663739015945,8,0,0.9,0,0,0,0,0,0,0,0,0,0,0,0,0,0,0,0,0,0,molto basso,molto basso,molto basso,molto basso,molto basso,molto basso,molto basso,molto basso,molto basso,molto basso,molto basso,molto basso,molto basso,molto basso,molto basso,molto basso,molto basso,0,0,0,0,0,0,0,0,0,0,0,0,0,0,0,0,0,0,0,85,46,31.4,21
5112,2024-08-07 23:00:00+00:00,83,0,0,186,2024-08-07T23:00:00Z,1835.0066311433143,0,6,-10,90,0,11,0,3.112404481456725,678.1787783830512,8,0,0.9,0,1.4422364350734689,0.7962963622608924,1.6103754404386286,1.8884056016531705,1.6557893022905574,1.0102020086542243,1.4313485552231793,1.2539001138168402,1.2927693776868794,0.6426585549581563,0,1.7996048613576852,1.4313485552231793,1.6070307683346587,1.6325780840276436,1.4016814817457455,0.8642359503428337,basso,molto basso,molto basso,molto basso,molto basso,molto basso,molto basso,basso,basso,molto basso,molto basso,molto basso,molto basso,molto basso,molto basso,molto basso,molto basso,1,0,0,0,0,0,0,1,1,0,0,0,0,0,0,0,0,2,1.5999999999999999,81,41,32.4,20.9
5112,2024-08-08 23:00:00+00:00,83,0,0,186,2024-08-08T23:00:00Z,1846.3072287962932,0,6,-10,80,0,11,0,0,678.1787783830512,8,0,0.9,0,0,0,0,0,0,0,0,0,0,0,0,0,0,0,0,0,0,molto basso,molto basso,molto basso,molto basso,molto basso,molto basso,molto basso,molto basso,molto basso,molto basso,molto basso,molto basso,molto basso,molto basso,molto basso,molto basso,molto basso,0,0,0,0,0,0,0,0,0,0,0,0,0,0,0,0,0,0,0,74,31,32.8,18.3
5112,2024-08-09 23:00:00+00:00,83,0,0,186,2024-08-09T23:00:00Z,1856.2181060850717,0,6,-10,70,0,11,0,0,678.1787783830512,8,0,0.9,0,0,0,0,0,0,0,0,0,0,0,0,0,0,0,0,0,0,molto basso,molto basso,molto basso,molto basso,molto basso,molto basso,molto basso,molto basso,molto basso,molto basso,molto basso,molto basso,molto basso,molto basso,molto basso,molto basso,molto basso,0,0,0,0,0,0,0,0,0,0,0,0,0,0,0,0,0,0,0,76,34,32.7,19.1
5112,2024-08-10 23:00:00+00:00,83,0,0,186,2024-08-10T23:00:00Z,1863.8710647071853,0,6,-10,60,0,11,0,0,678.1787783830512,8,0,0.9,0,0,0,0,0,0,0,0,0,0,0,0,0,0,0,0,0,0,molto basso,molto basso,molto basso,molto basso,molto basso,molto basso,molto basso,molto basso,molto basso,molto basso,molto basso,molto basso,molto basso,molto basso,molto basso,molto basso,molto basso,0,0,0,0,0,0,0,0,0,0,0,0,0,0,0,0,0,0,0,73,32,34.2,20.4
5112,2024-08-11 23:00:00+00:00,83,0,0,186,2024-08-11T23:00:00Z,1871.6634683993477,0,6,-10,50,0,11,0,0,678.1787783830512,8,0,0.9,0,0,0,0,0,0,0,0,0,0,0,0,0,0,0,0,0,0,molto basso,molto basso,molto basso,molto basso,molto basso,molto basso,molto basso,molto basso,molto basso,molto basso,molto basso,molto basso,molto basso,molto basso,molto basso,molto basso,molto basso,0,0,0,0,0,0,0,0,0,0,0,0,0,0,0,0,0,0,0,73,32,34.1,20.2
5112,2024-08-12 23:00:00+00:00,83,0,0,186,2024-08-12T23:00:00Z,1878.4894870517473,0,6,-10,40,0,11,0,0,678.1787783830512,8,0,0.9,0,0,0,0,0,0,0,0,0,0,0,0,0,0,0,0,0,0,molto basso,molto basso,molto basso,molto basso,molto basso,molto basso,molto basso,molto basso,molto basso,molto basso,molto basso,molto basso,molto basso,molto basso,molto basso,molto basso,molto basso,0,0,0,0,0,0,0,0,0,0,0,0,0,0,0,0,0,0,0,66,25,35.4,19.1
5112,2024-08-13 23:00:00+00:00,83,0,0,186,2024-08-13T23:00:00Z,1883.3869358163365,0,6,-10,30,0,11,0,0,678.1787783830512,8,0,0.9,0,0,0,0,0,0,0,0,0,0,0,0,0,0,0,0,0,0,molto basso,molto basso,molto basso,molto basso,molto basso,molto basso,molto basso,molto basso,molto basso,molto basso,molto basso,molto basso,molto basso,molto basso,molto basso,molto basso,molto basso,0,0,0,0,0,0,0,0,0,0,0,0,0,0,0,0,0,0,0,73,34,35,21.9
5112,2024-08-14 23:00:00+00:00,83,0,0,186,2024-08-14T23:00:00Z,1888.9159841626272,0,6,-10,20,0,11,0,3.0932240132266586,681.2720023962778,8,0,0.9,0,1.3826197121500297,0.5987239688952034,1.7195543113330856,1.9674950170361587,1.8234246941411425,0.6533901753481104,1.432247645202928,1.1813617087009012,1.2310914805502078,0.42548675526010304,0,1.9636957322572577,1.432247645202928,1.6503059543002478,1.9347828308316837,1.3941580234898168,0.2758920482421902,basso,molto basso,molto basso,molto basso,basso,molto basso,molto basso,basso,basso,molto basso,molto basso,molto basso,molto basso,molto basso,basso,molto basso,molto basso,1,0,0,0,1,0,0,1,1,0,0,0,0,0,1,0,0,2,0.6000000000000001,71,32,35.5,22
5112,2024-08-15 23:00:00+00:00,83,0,0,186,2024-08-15T23:00:00Z,1897.550182245698,0,6,-10,10,0,11,0,0,681.2720023962778,8,0,0.9,0,0,0,0,0,0,0,0,0,0,0,0,0,0,0,0,0,0,molto basso,molto basso,molto basso,molto basso,molto basso,molto basso,molto basso,molto basso,molto basso,molto basso,molto basso,molto basso,molto basso,molto basso,molto basso,molto basso,molto basso,0,0,0,0,0,0,0,0,0,0,0,0,0,0,0,0,0,0,0,78,37,33.1,20.5
5112,2024-08-16 23:00:00+00:00,83,0,0,186,2024-08-16T23:00:00Z,1905.6262955882748,0,6,-10,0,0,11,0,0,681.2720023962778,8,0,0.9,0,0,0,0,0,0,0,0,0,0,0,0,0,0,0,0,0,0,molto basso,molto basso,molto basso,molto basso,molto basso,molto basso,molto basso,molto basso,molto basso,molto basso,molto basso,molto basso,molto basso,molto basso,molto basso,molto basso,molto basso,0,0,0,0,0,0,0,0,0,0,0,0,0,0,0,0,0,0,0,72,31,34.2,20
5112,2024-08-17 23:00:00+00:00,83,0,0,186,2024-08-17T23:00:00Z,1913.0436948028441,0,6,-10,0,0,11,0,0,681.2720023962778,8,0,0.9,0,0,0,0,0,0,0,0,0,0,0,0,0,0,0,0,0,0,molto basso,molto basso,molto basso,molto basso,molto basso,molto basso,molto basso,molto basso,molto basso,molto basso,molto basso,molto basso,molto basso,molto basso,molto basso,molto basso,molto basso,0,0,0,0,0,0,0,0,0,0,0,0,0,0,0,0,0,0,0,71,31,34.6,20.2
5112,2024-08-18 23:00:00+00:00,83,0,0,186,2024-08-18T23:00:00Z,1925.6619397004915,0,6,-10,50,0,11,0,11.17440860436143,692.4464110006393,8,0,0.9,0,6.744390330517919,4.150476950527745,6.9742653109817985,6.7797337774553865,4.9764774118605635,6.171354779660587,6.81470276861699,6.6815966373195375,6.5023173677430925,3.635518187125496,0,6.23732511745896,6.81470276861699,6.970959231883135,5.565950927124518,6.797136949118305,5.4468176345877675,alto,basso,basso,medio,medio,medio,alto,alto,molto alto,medio,molto basso,basso,basso,basso,medio,alto,medio,3,1,1,2,2,2,3,3,4,2,0,1,1,1,2,3,2,8,21.2,89,51,30.4,20.9
5112,2024-08-19 23:00:00+00:00,83,11,45.83333333333333,197,2024-08-19T23:00:00Z,1940.3802408167937,0,6,-10,40,0,11,0,29.33638916710205,721.7828001677414,9,0,0.9,0,18.87453217883335,11.682073096398604,19.635671510186196,19.296433584567847,14.293315279679414,16.806123518380655,19.109815442763132,18.557023001303367,18.189009927112313,10.202261148837646,0,17.74134174697111,19.109815442763132,19.633684776743504,15.755819081058597,19.033596641804056,13.926227231210653,molto alto,alto,alto,molto alto,molto alto,molto alto,molto alto,molto alto,molto alto,alto,molto basso,alto,alto,alto,molto alto,molto alto,alto,4,3,3,4,4,4,4,4,4,3,0,3,3,3,4,4,3,21,15.2,100,81,25.1,20.4
5112,2024-08-20 23:00:00+00:00,84,0,0,197,2024-08-20T23:00:00Z,1952.5355016547146,0,6,-10,30,0,11,0,2.8344132242564233,724.6172133919978,9,0,0.95,0,0.975529327383789,0.6171969131282443,0.9945181104118327,0.9625813091268037,0.6921280623581169,0.9181978904383674,0.9826447196607341,0.9697858720702984,0.9436894142134686,0.545048515633943,0,0.8762774031759609,0.9826447196607341,0.9991712292313484,0.767202500961889,0.9809641821833576,0.8175336439823497,molto basso,molto basso,molto basso,molto basso,molto basso,molto basso,molto basso,basso,basso,molto basso,molto basso,molto basso,molto basso,molto basso,molto basso,molto basso,molto basso,0,0,0,0,0,0,0,1,1,0,0,0,0,0,0,0,0,2,0,89,50,30.2,20.6
5112,2024-08-21 23:00:00+00:00,84,0,0,197,2024-08-21T23:00:00Z,1963.4462843825968,0,6,-10,20,0,11,0,0,724.6172133919978,9,0,0.95,0,0,0,0,0,0,0,0,0,0,0,0,0,0,0,0,0,0,molto basso,molto basso,molto basso,molto basso,molto basso,molto basso,molto basso,molto basso,molto basso,molto basso,molto basso,molto basso,molto basso,molto basso,molto basso,molto basso,molto basso,0,0,0,0,0,0,0,0,0,0,0,0,0,0,0,0,0,0,0,78,35,32.2,18.8
5112,2024-08-22 23:00:00+00:00,84,0,0,197,2024-08-22T23:00:00Z,1974.2669801322893,0,6,-10,10,0,11,0,1.5002218211811404,726.117435213179,9,0,0.95,0,0,0,0,0,0,0,0,0,0,0,0,0,0,0,0,0,0,molto basso,molto basso,molto basso,molto basso,molto basso,molto basso,molto basso,molto basso,molto basso,molto basso,molto basso,molto basso,molto basso,molto basso,molto basso,molto basso,molto basso,0,0,0,0,0,0,0,0,0,0,0,0,0,0,0,0,0,1,0,87,48,30.9,20.8
5112,2024-08-23 23:00:00+00:00,84,0,0,197,2024-08-23T23:00:00Z,1986.0730694565625,0,6,-10,60,0,11,0,0,726.117435213179,9,0,0.95,0,0,0,0,0,0,0,0,0,0,0,0,0,0,0,0,0,0,molto basso,molto basso,molto basso,molto basso,molto basso,molto basso,molto basso,molto basso,molto basso,molto basso,molto basso,molto basso,molto basso,molto basso,molto basso,molto basso,molto basso,0,0,0,0,0,0,0,0,0,0,0,0,0,0,0,0,0,0,0,80,37,31.2,18.3
5112,2024-08-24 23:00:00+00:00,84,0,0,197,2024-08-24T23:00:00Z,1996.7461289102614,0,6,-10,50,0,11,0,0,726.117435213179,9,0,0.95,0,0,0,0,0,0,0,0,0,0,0,0,0,0,0,0,0,0,molto basso,molto basso,molto basso,molto basso,molto basso,molto basso,molto basso,molto basso,molto basso,molto basso,molto basso,molto basso,molto basso,molto basso,molto basso,molto basso,molto basso,0,0,0,0,0,0,0,0,0,0,0,0,0,0,0,0,0,0,0,80,38,31.9,19.5
5112,2024-08-25 23:00:00+00:00,84,0,0,197,2024-08-25T23:00:00Z,2007.2327748603561,0,6,-10,40,0,11,0,0,726.117435213179,9,0,0.95,0,0,0,0,0,0,0,0,0,0,0,0,0,0,0,0,0,0,molto basso,molto basso,molto basso,molto basso,molto basso,molto basso,molto basso,molto basso,molto basso,molto basso,molto basso,molto basso,molto basso,molto basso,molto basso,molto basso,molto basso,0,0,0,0,0,0,0,0,0,0,0,0,0,0,0,0,0,0,0,78,36,32.4,19.3
5112,2024-08-26 23:00:00+00:00,84,0,0,197,2024-08-26T23:00:00Z,2016.4664833870656,0,6,20,100,0,11,0,0,726.117435213179,9,0,0.95,0,0,0,0,0,0,0,0,0,0,0,0,0,0,0,0,0,0,molto basso,molto basso,molto basso,molto basso,molto basso,molto basso,molto basso,molto basso,molto basso,molto basso,molto basso,molto basso,molto basso,molto basso,molto basso,molto basso,molto basso,0,0,0,0,0,0,0,0,0,0,0,0,0,0,0,0,0,0,0,85,46,32,21.7
5112,2024-08-27 23:00:00+00:00,84,0,0,197,2024-08-27T23:00:00Z,2026.755282319696,0,6,-10,90,0,11,0,0,726.117435213179,9,0,0.95,0,0,0,0,0,0,0,0,0,0,0,0,0,0,0,0,0,0,molto basso,molto basso,molto basso,molto basso,molto basso,molto basso,molto basso,molto basso,molto basso,molto basso,molto basso,molto basso,molto basso,molto basso,molto basso,molto basso,molto basso,0,0,0,0,0,0,0,0,0,0,0,0,0,0,0,0,0,0,0,84,44,31.6,20.8
5112,2024-08-28 23:00:00+00:00,84,0,0,197,2024-08-28T23:00:00Z,2036.7582324031655,0,6,-10,80,0,11,0,0,726.117435213179,9,0,0.95,0,0,0,0,0,0,0,0,0,0,0,0,0,0,0,0,0,0,molto basso,molto basso,molto basso,molto basso,molto basso,molto basso,molto basso,molto basso,molto basso,molto basso,molto basso,molto basso,molto basso,molto basso,molto basso,molto basso,molto basso,0,0,0,0,0,0,0,0,0,0,0,0,0,0,0,0,0,0,0,77,36,33,20.2
5112,2024-08-29 23:00:00+00:00,84,0,0,197,2024-08-29T23:00:00Z,2046.0820530362485,0,6,-10,70,0,11,0,0,726.117435213179,9,0,0.95,0,0,0,0,0,0,0,0,0,0,0,0,0,0,0,0,0,0,molto basso,molto basso,molto basso,molto basso,molto basso,molto basso,molto basso,molto basso,molto basso,molto basso,molto basso,molto basso,molto basso,molto basso,molto basso,molto basso,molto basso,0,0,0,0,0,0,0,0,0,0,0,0,0,0,0,0,0,0,0,64,24,35.3,18.2
5112,2024-08-30 23:00:00+00:00,84,0,0,197,2024-08-30T23:00:00Z,2054.690234876053,0,6,-10,60,0,11,0,0,726.117435213179,9,0,0.95,0,0,0,0,0,0,0,0,0,0,0,0,0,0,0,0,0,0,molto basso,molto basso,molto basso,molto basso,molto basso,molto basso,molto basso,molto basso,molto basso,molto basso,molto basso,molto basso,molto basso,molto basso,molto basso,molto basso,molto basso,0,0,0,0,0,0,0,0,0,0,0,0,0,0,0,0,0,0,0,68,27,34.7,19
5112,2024-08-31 23:00:00+00:00,84,0,0,197,2024-08-31T23:00:00Z,2063.141147495067,0,6,-10,50,0,11,0,0,726.117435213179,9,0,0.95,0,0,0,0,0,0,0,0,0,0,0,0,0,0,0,0,0,0,molto basso,molto basso,molto basso,molto basso,molto basso,molto basso,molto basso,molto basso,molto basso,molto basso,molto basso,molto basso,molto basso,molto basso,molto basso,molto basso,molto basso,0,0,0,0,0,0,0,0,0,0,0,0,0,0,0,0,0,0,0,66,26,35.3,19.1
5112,2024-09-01 23:00:00+00:00,85,0,0,197,2024-09-01T23:00:00Z,2073.7286693486662,0,6,-10,40,0,11,0,0,726.117435213179,9,0,1,0,0,0,0,0,0,0,0,0,0,0,0,0,0,0,0,0,0,molto basso,molto basso,molto basso,molto basso,molto basso,molto basso,molto basso,molto basso,molto basso,molto basso,molto basso,molto basso,molto basso,molto basso,molto basso,molto basso,molto basso,0,0,0,0,0,0,0,0,0,0,0,0,0,0,0,0,0,0,0,69,27,34,18.2
5112,2024-09-02 23:00:00+00:00,85,0,0,197,2024-09-02T23:00:00Z,2085.4428006583626,0,6,-10,90,0,11,0,0,726.117435213179,9,0,1,0,0,0,0,0,0,0,0,0,0,0,0,0,0,0,0,0,0,molto basso,molto basso,molto basso,molto basso,molto basso,molto basso,molto basso,molto basso,molto basso,molto basso,molto basso,molto basso,molto basso,molto basso,molto basso,molto basso,molto basso,0,0,0,0,0,0,0,0,0,0,0,0,0,0,0,0,0,0,0,66,24,34.2,16.9
5112,2024-09-03 23:00:00+00:00,85,0,0,197,2024-09-03T23:00:00Z,2097.3094757171216,0,6,-10,80,0,11,0,0,726.117435213179,9,0,1,0,0,0,0,0,0,0,0,0,0,0,0,0,0,0,0,0,0,molto basso,molto basso,molto basso,molto basso,molto basso,molto basso,molto basso,molto basso,molto basso,molto basso,molto basso,molto basso,molto basso,molto basso,molto basso,molto basso,molto basso,0,0,0,0,0,0,0,0,0,0,0,0,0,0,0,0,0,0,0,78,36,32.4,19.4
5112,2024-09-04 23:00:00+00:00,86,0,0,197,2024-09-04T23:00:00Z,2109.8906577160346,0,6,-10,70,0,11,0,0,726.117435213179,9,0,1,0,0,0,0,0,0,0,0,0,0,0,0,0,0,0,0,0,0,molto basso,molto basso,molto basso,molto basso,molto basso,molto basso,molto basso,molto basso,molto basso,molto basso,molto basso,molto basso,molto basso,molto basso,molto basso,molto basso,molto basso,0,0,0,0,0,0,0,0,0,0,0,0,0,0,0,0,0,0,0,75,31,32.2,17.6
5112,2024-09-05 23:00:00+00:00,86,6,25,203,2024-09-05T23:00:00Z,2125.0857685284386,0,6,-10,60,1,12,0,31.972916842745853,758.0903520559248,11,0,1,0,22.39224513062044,15.025013198326377,22.443887936080113,21.776109139336338,15.171079332110182,21.071205249266843,22.55321568185195,22.23988543593295,21.85832791020494,13.41798380522175,0.000009163314931921504,19.390910192655433,22.55321568185195,22.77468831958001,16.24739061438091,22.51157467470523,19.20857104554944,molto alto,alto,alto,molto alto,molto alto,molto alto,molto alto,molto alto,molto alto,molto alto,molto basso,alto,alto,alto,molto alto,molto alto,molto alto,4,3,3,4,4,4,4,4,4,4,0,3,3,3,4,4,4,24,42.800000000000004,100,88,22.9,19
5112,2024-09-06 23:00:00+00:00,87,10,41.66666666666667,213,2024-09-06T23:00:00Z,2140.173131263041,0,6,-10,50,0,12,0,16.290374908411323,774.3807269643361,12,0,1,0,35.14486273541449,25.63199558848256,34.251025585251675,33.23539177339421,21.868755633882454,33.146354194738564,35.39699025058386,34.9516880741288,34.81496369474206,23.256542297297944,0.000372937470051375,28.528179913052487,35.39699025058386,35.30916192885736,22.13509506205977,35.338793258544115,31.94491366516602,molto alto,molto alto,molto alto,molto alto,molto alto,molto alto,molto alto,molto alto,molto alto,molto alto,molto basso,molto alto,molto alto,molto alto,molto alto,molto alto,molto alto,4,4,4,4,4,4,4,4,4,4,0,4,4,4,4,4,4,14,1.2,98,59,26.5,18.3
5112,2024-09-07 23:00:00+00:00,87,0,0,213,2024-09-07T23:00:00Z,2154.7192229363077,0,6,-10,40,0,12,0,2.0300124750972866,776.4107394394333,12,0,1,0,1.7124837950794491,1.9049809440150218,1.5281300046507067,1.5581031856314382,0.6999749207359656,0.9574213176692838,1.8283181632299477,1.677581210393157,1.9152108385876359,1.8214838969015819,0.0071346016965270695,1.0172060031045067,1.8283181632299477,1.7338235081578217,0.30539315448073034,1.809577297483389,1.9734781339699838,basso,molto basso,molto basso,molto basso,molto basso,molto basso,basso,medio,medio,basso,molto basso,molto basso,molto basso,molto basso,molto basso,basso,molto basso,1,0,0,0,0,0,1,2,2,1,0,0,0,0,0,1,0,2,0,86,42,28.8,16.9
5112,2024-09-08 23:00:00+00:00,88,0,0,213,2024-09-08T23:00:00Z,2169.500612054961,0,6,-10,30,1,13,0,23.86422079404582,800.2749602334791,13,0,1,0,16.325705061814837,11.380794256601455,16.261916027805338,15.897600015251708,10.916584590661627,15.026276003461293,16.476405366809058,16.142505320194523,16.035798087998952,10.213521638530228,0.000010569099287451318,13.955163882829561,16.476405366809058,16.606897697485515,11.330824772373438,16.430795491360545,13.826623904700147,molto alto,alto,alto,alto,alto,alto,molto alto,molto alto,molto alto,alto,molto basso,alto,alto,alto,alto,molto alto,alto,4,3,3,3,3,3,4,4,4,3,0,3,3,3,3,4,3,18,28.199999999999996,98,61,26.9,19.1
5112,2024-09-09 23:00:00+00:00,88,13,54.166666666666664,226,2024-09-09T23:00:00Z,2184.28418232079,0,6,-10,20,0,13,0,16.86214331641159,817.1371035498906,13,0,1,0,27.757867904583524,19.61359584114731,27.47483974033104,26.980404996319972,18.423953360911796,25.771140057562526,27.95314565617381,27.396294628390244,27.27125092949437,17.643437189881116,0.0000786502853218374,23.54627242325006,27.95314565617381,28.152216420962976,18.846887094712763,27.873573784221254,24.01714978201927,molto alto,molto alto,molto alto,molto alto,molto alto,molto alto,molto alto,molto alto,molto alto,molto alto,molto basso,alto,molto alto,molto alto,molto alto,molto alto,molto alto,4,4,4,4,4,4,4,4,4,4,0,3,4,4,4,4,4,13,47,95,55,27,17.9
5112,2024-09-10 23:00:00+00:00,88,2,8.333333333333332,228,2024-09-10T23:00:00Z,2199.4402048654974,0,6,-10,10,0,13,0,5.09755233195871,822.2346558818493,13,0,1,0,2.9591455390479293,3.3664215016671477,2.9422775720062795,3.0816488432986353,1.547848113522329,1.9669850179752197,3.403782560254058,2.8991117448810724,3.495155241899563,3.2565152683677554,0.22457427063317997,2.095245609377595,3.403782560254058,3.290756474774714,1.3152074421093707,3.338961271975757,3.497209159690716,medio,basso,molto basso,basso,molto basso,molto basso,basso,medio,alto,basso,molto basso,molto basso,basso,molto basso,molto basso,basso,basso,2,1,0,1,0,0,1,2,3,1,0,0,1,0,0,1,1,5,7.4,86,38,27,14
5112,2024-09-11 23:00:00+00:00,89,0,0,228,2024-09-11T23:00:00Z,2214.615723409778,0,6,-10,0,1,14,0,12.72798296928303,834.9626388511324,13,0,0,0,13.20653225068244,13.141242139092578,12.208627981040364,12.25016880652674,6.3212952802447955,10.162606014497145,13.944137616699308,13.040937195604299,14.330161208379838,12.464469482410408,0.23179486141709857,8.803656403259835,13.944137616699308,13.42964833960733,4.633148278432222,13.829663100420738,14.418833783473099,molto alto,alto,alto,alto,alto,alto,alto,molto alto,molto alto,molto alto,molto basso,medio,alto,alto,medio,alto,alto,4,3,3,3,3,3,3,4,4,4,0,2,3,3,2,3,3,12,20.4,96,55,26.3,17.3
5112,2024-09-12 23:00:00+00:00,89,0,0,228,2024-09-12T23:00:00Z,2228.7517507808734,1,7,-10,0,0,14,0,7.6825466741044055,842.6451855252368,13,0,0,0,18.713461283978898,22.62545894640098,17.79009870558626,18.701275490783384,8.387304036487336,11.679971149987745,21.366631260121334,18.309160286455832,22.30528508073385,21.990904626196862,1.3360376511722525,11.846006977781556,21.366631260121334,20.357739704280956,5.422411707004374,20.973145569238767,22.975617783452147,molto alto,molto alto,alto,molto alto,alto,alto,molto alto,molto alto,molto alto,molto alto,molto basso,alto,alto,alto,medio,molto alto,molto alto,4,4,3,4,3,3,4,4,4,4,0,3,3,3,2,4,4,11,29.999999999999996,94,49,23.7,13.3
5112,2024-09-13 23:00:00+00:00,89,0,0,228,2024-09-13T23:00:00Z,2241.0353132720875,0,7,-10,0,0,14,0,7.851826270238251,850.497011795475,13,0,0,0,4.885670950855503,13.262629124796026,5.783181219801456,7.657152621914596,1.388584920641643,0,8.746274091285018,4.539170497110741,9.667561087579726,13.838475422319204,3.087216306171875,2.209099199954302,8.746274091285018,7.995954204974526,0,8.185941190518141,10.903199767648005,alto,alto,basso,alto,molto basso,molto basso,alto,alto,molto alto,molto alto,basso,molto basso,medio,basso,molto basso,alto,alto,3,3,1,3,0,0,3,3,4,4,1,0,2,1,0,3,3,15,0.4,100,70,18.6,12.3
5112,2024-09-14 23:00:00+00:00,89,0,0,228,2024-09-14T23:00:00Z,2253.717490378404,0,7,-10,0,0,14,0,4.575716856717809,855.0727286521928,13,0,0,0,1.909911788064175,8.712557972137427,3.09973054924127,4.751068474356398,0.4982265009920893,0,5.207784958491982,1.7463374300859307,5.832925895936713,9.544583995112841,4.007186246645044,0.8098296121701647,5.207784958491982,4.721089465060596,0,4.714611062804518,6.90786618016733,basso,alto,molto basso,basso,molto basso,molto basso,medio,medio,molto alto,alto,medio,molto basso,basso,basso,molto basso,medio,alto,1,3,0,1,0,0,2,2,4,3,2,0,1,1,0,2,3,11,0,96,52,21,11.3
5112,2024-09-15 23:00:00+00:00,89,0,0,228,2024-09-15T23:00:00Z,2265.7548192211957,0,7,-10,0,0,14,0,2.84342146992052,857.9161501221133,13,0,0,0,0.7307833593087204,6.384249041966623,1.905417968698547,3.38271288461989,0.17636882852234181,0,3.548148049024571,0.6581090009736417,4.012986481084097,7.328162417445281,4.4550714561186195,0.2923685400876494,3.548148049024571,3.1969501528857203,0,3.105329414755972,4.986396237834948,molto basso,medio,molto basso,basso,molto basso,molto basso,basso,basso,alto,alto,medio,molto basso,basso,molto basso,molto basso,basso,medio,0,2,0,1,0,0,1,1,3,3,2,0,1,0,0,1,2,8,0,96,51,20.3,10.4
5112,2024-09-16 23:00:00+00:00,89,0,0,228,2024-09-16T23:00:00Z,2279.3539763571725,0,7,-10,0,0,14,0,0.26174002432869875,858.177890146442,13,0,0,0,0,0.44760591139932515,0.05083020063887842,0.2577986129606774,0,0,0.19945933242053634,0,0.2320674006459182,0.6960356623425256,0.996270643531041,0,0.19945933242053634,0.17668110447404728,0,0.13665535620958993,0.3925846347464619,molto basso,molto basso,molto basso,molto basso,molto basso,molto basso,molto basso,molto basso,molto basso,molto basso,molto basso,molto basso,molto basso,molto basso,molto basso,molto basso,molto basso,0,0,0,0,0,0,0,0,0,0,0,0,0,0,0,0,0,1,0,88,38,21.8,8.7
5112,2024-09-17 23:00:00+00:00,89,0,0,228,2024-09-17T23:00:00Z,2292.6402276003028,0,7,-10,0,0,14,0,5.734578674108962,863.912468820551,13,0,0,0,3.5949400619420984,9.523404133017477,4.196682201847314,5.514956830161457,1.0229334811920299,0,6.314142811915991,3.34131849142801,6.9746705706000585,9.907652557901223,2.0865751741324936,1.6270904666142958,6.314142811915991,5.774781129578048,0,5.920008738899735,7.84492246623677,alto,alto,basso,medio,molto basso,molto basso,alto,alto,molto alto,alto,basso,molto basso,basso,basso,molto basso,medio,alto,3,3,1,2,0,0,3,3,4,3,1,0,1,1,0,2,3,11,2.4000000000000004,98,56,20.6,11.7
5112,2024-09-18 23:00:00+00:00,89,0,0,228,2024-09-18T23:00:00Z,2306.522421322832,0,7,-10,0,0,14,0,2.091467994289313,866.0039368148404,13,0,0,0,0.45658880819768477,4.70026116378773,1.356795970946016,2.482687019671666,0.1089409116772726,0,2.579936032115959,0.41020502343446474,2.9227073366862735,5.447130971245947,3.519435615357546,0.18110900209913106,2.579936032115959,2.3222243575852524,0,2.242121553017501,3.6675792623077355,molto basso,basso,molto basso,basso,molto basso,molto basso,basso,molto basso,alto,alto,medio,molto basso,molto basso,molto basso,molto basso,basso,basso,0,1,0,1,0,0,1,0,3,3,2,0,0,0,0,1,1,6,0,94,47,21.2,10.5
5112,2024-09-19 23:00:00+00:00,89,0,0,228,2024-09-19T23:00:00Z,2321.709492604837,0,7,-10,0,0,14,0,3.999256759972253,870.0031935748126,13,0,0,0,3.4821284195798246,4.974156044885701,3.2006757346169548,3.4865426786429414,1.2278514868611359,0.4092552771700976,4.12103887191475,3.349655397618953,4.412098409740563,4.868805118258921,0.14141232205465262,1.8512706763298503,4.12103887191475,3.848387901968584,0.10712721363094485,4.024436996558027,4.664747591427461,alto,medio,molto basso,basso,molto basso,molto basso,basso,alto,alto,medio,molto basso,molto basso,basso,basso,molto basso,basso,basso,3,2,0,1,0,0,1,3,3,2,0,0,1,1,0,1,1,5,0,98,57,23.8,15
5112,2024-09-20 23:00:00+00:00,89,0,0,228,2024-09-20T23:00:00Z,2336.8779552812452,0,7,-10,0,0,14,0,13.671615328581002,883.6748089033936,15,0,0,0,11.441972856788798,12.087693845228262,10.270353700881946,10.362649851488792,4.918854435743633,7.393201081084145,12.068120815560755,11.251967942602821,12.557674466609738,11.505850831257867,0.043001437636019504,7.053942333790508,12.068120815560755,11.502753360353845,2.666640838594331,11.966549271211353,12.846213178957148,molto alto,alto,medio,alto,medio,alto,alto,molto alto,molto alto,alto,molto basso,basso,alto,alto,basso,alto,alto,4,3,2,3,2,3,3,4,4,3,0,1,3,3,1,3,3,14,0,100,72,22.5,16.4
5112,2024-09-21 23:00:00+00:00,89,0,0,228,2024-09-21T23:00:00Z,2352.0364990549006,0,7,-10,0,0,14,0,1.8585745933240074,885.5333834967175,15,0,0,0,1.2913717270607274,2.9286714980188497,1.3925979899095342,1.744935294231089,0.37913706725487034,0,2.0225604823334984,1.2073317782247426,2.2220663285436544,2.9968141169169975,0.4402674795277153,0.5984795276482611,2.0225604823334984,1.856226952862174,0,1.916772213672083,2.4594381940327654,basso,basso,molto basso,molto basso,molto basso,molto basso,basso,basso,medio,basso,molto basso,molto basso,molto basso,molto basso,molto basso,basso,basso,1,1,0,0,0,0,1,1,2,1,0,0,0,0,0,1,1,3,0,89,42,25.7,13.6
5112,2024-09-22 23:00:00+00:00,89,0,0,228,2024-09-22T23:00:00Z,2366.7481629353765,0,7,-10,0,0,14,0,0,885.5333834967175,15,0,0,0,0,0,0,0,0,0,0,0,0,0,0,0,0,0,0,0,0,molto basso,molto basso,molto basso,molto basso,molto basso,molto basso,molto basso,molto basso,molto basso,molto basso,molto basso,molto basso,molto basso,molto basso,molto basso,molto basso,molto basso,0,0,0,0,0,0,0,0,0,0,0,0,0,0,0,0,0,0,0,83,33,24.9,10.1
5112,2024-09-23 23:00:00+00:00,89,0,0,228,2024-09-23T23:00:00Z,2381.227493805892,0,7,-10,0,0,14,0,8.627231945950157,894.1606154426677,15,0,0,0,5.659936668161826,9.753607492033765,6.0336137208089795,7.017960790840085,2.4397632737305486,3.3964865130815607,7.890835995067189,5.488730312707099,8.402754851725057,9.960350789307354,2.1274694723103886,3.4698231115046125,7.890835995067189,7.42034048644803,1.6109148113215843,7.56358173821823,9.049752183956388,alto,alto,basso,alto,basso,basso,alto,alto,molto alto,alto,basso,molto basso,medio,basso,molto basso,alto,alto,3,3,1,3,1,1,3,3,4,3,1,0,2,1,0,3,3,12,12.4,94,47,22.7,11.9
5112,2024-09-24 23:00:00+00:00,89,0,0,228,2024-09-24T23:00:00Z,2396.0892368470663,0,7,-10,0,0,14,0,10.018826013520579,904.1794414561882,15,0,0,0,14.057576277278546,20.550244025040925,13.627069499818639,15.051309506468028,5.589345521877254,5.825983549007394,17.370416159086883,13.629863607336524,18.46419947534369,20.426610530530883,2.2964448872260887,8.144904574709736,17.370416159086883,16.326912379415173,2.325229412984577,16.876198579926466,19.574158504411994,molto alto,molto alto,alto,alto,medio,medio,molto alto,molto alto,molto alto,molto alto,basso,basso,alto,alto,basso,molto alto,molto alto,4,4,3,3,2,2,4,4,4,4,1,1,3,3,1,4,4,12,10.200000000000001,100,63,22.6,14.9
5112,2024-09-25 23:00:00+00:00,89,0,0,228,2024-09-25T23:00:00Z,2410.7110446023003,0,7,-10,0,0,14,0,1.5188556091024603,905.6982970652907,15,0,0,0,0.7859694369483308,2.7488992465421553,1.0741349338990005,1.5284929720659144,0.20960268253021147,0,1.7145670128171542,0.7219872765644992,1.909876351196424,2.931867561903568,0.8998127056335556,0.33889563782992105,1.7145670128171542,1.5596462131648976,0,1.5792119133781521,2.2041874750004973,molto basso,basso,molto basso,molto basso,molto basso,molto basso,molto basso,basso,medio,basso,molto basso,molto basso,molto basso,molto basso,molto basso,molto basso,basso,0,1,0,0,0,0,0,1,2,1,0,0,0,0,0,0,1,3,0.2,91,44,23.8,12.2
5112,2024-09-26 23:00:00+00:00,89,0,0,228,2024-09-26T23:00:00Z,2425.4683722497616,0,7,-10,0,0,14,0,13.695823948040486,919.3941210133312,16,0,0,0,11.331630651522971,13.353791147249481,10.258960375970384,10.626688506093474,4.59211661850461,5.341668053633509,12.43612827406886,11.064645891654362,13.071080990859013,12.855138293595855,0.1834787918928385,6.678845194915583,12.43612827406886,11.769953935636961,1.9074088983925856,12.264786884988665,13.532277975320332,molto alto,alto,medio,alto,medio,medio,alto,molto alto,molto alto,molto alto,molto basso,basso,alto,alto,basso,alto,alto,4,3,2,3,2,2,3,4,4,4,0,1,3,3,1,3,3,15,0,100,75,20.8,15.2
5112,2024-09-27 23:00:00+00:00,89,3,12.5,231,2024-09-27T23:00:00Z,2440.7195030710163,0,7,-10,0,0,14,0,15.306485269416186,934.7006062827473,16,0,0,0,12.401010303462764,11.292823008726021,11.25968733420062,11.048643737443054,5.9719146833459735,10.758092463446372,12.629298833076517,12.310955526360072,12.911003745439592,10.587273594946126,0.0031338213263647527,8.327236290352237,12.629298833076517,12.197243120188997,4.530457225964484,12.589541888186051,12.938367182894144,molto alto,alto,alto,alto,medio,alto,alto,molto alto,molto alto,alto,molto basso,basso,alto,alto,medio,alto,alto,4,3,3,3,2,3,3,4,4,3,0,1,3,3,2,3,3,14,2,98,59,25.9,17.6
5112,2024-09-28 23:00:00+00:00,89,0,0,231,2024-09-28T23:00:00Z,2454.1271419254604,0,7,-10,0,0,14,0,2.724539703793565,937.4251459865409,16,0,0,0,1.977117943139357,2.850584364914794,1.889656306847204,2.073154966031654,0.7657243348960979,0.8054555130706168,2.4085134164767217,1.9146842286634398,2.5631382548782904,2.817740371593355,0.23555600746554972,1.1244241026351331,2.4085134164767217,2.26098680170543,0.2980926763484931,2.3446151122816663,2.7141047984536226,basso,basso,molto basso,molto basso,molto basso,molto basso,basso,medio,alto,basso,molto basso,molto basso,molto basso,molto basso,molto basso,basso,basso,1,1,0,0,0,0,1,2,3,1,0,0,0,0,0,1,1,4,2.8000000000000003,87,37,24.4,11
5112,2024-09-29 23:00:00+00:00,89,0,0,231,2024-09-29T23:00:00Z,2465.980699613372,0,7,-10,0,0,14,0,0.18527985906204258,937.6104258456029,16,0,0,0,0,0.2748818519471453,0.00818426521552473,0.1936866613076844,0,0,0.11227559933835805,0,0.13204782360542067,0.5687474877932738,0.9144663188239419,0,0.11227559933835805,0.09883343669042681,0,0.056846585688655325,0.2979133624393509,molto basso,molto basso,molto basso,molto basso,molto basso,molto basso,molto basso,molto basso,molto basso,molto basso,molto basso,molto basso,molto basso,molto basso,molto basso,molto basso,molto basso,0,0,0,0,0,0,0,0,0,0,0,0,0,0,0,0,0,1,0.2,85,34,21.2,6.9
5112,2024-09-30 23:00:00+00:00,89,0,0,231,2024-09-30T23:00:00Z,2478.654546563026,0,7,-10,0,0,14,0,8.259236681352695,945.8696625269556,16,0,0,0,5.608057992280546,13.394988592929947,6.246654901534717,7.964944701595553,1.6758068156494588,0.08177700754479397,9.162630031767856,5.251986850633114,10.073508158053025,13.835951434113692,2.6408039127801706,2.631602015266058,9.162630031767856,8.406822675311785,0.020831251609747064,8.645071140108866,11.231266143515578,alto,alto,basso,alto,molto basso,molto basso,alto,alto,molto alto,molto alto,basso,molto basso,medio,medio,molto basso,alto,alto,3,3,1,3,0,0,3,3,4,4,1,0,2,2,0,3,3,15,0.4,100,63,19.5,12
5112,2024-10-01 23:00:00+00:00,89,0,0,231,2024-10-01T23:00:00Z,2490.3394375296093,0,7,-10,0,0,14,0,6.261213667116907,952.1308761940725,16,0,0,0,3.1601170757222516,10.82296292874897,4.283649209841254,6.09054503247587,0.8827985079330305,0,6.806303615836484,2.924354322873339,7.568765272068268,11.603907265327065,3.9080283279527954,1.4098150016502562,6.806303615836484,6.199079328667179,0,6.265614577177898,8.755592265039311,medio,alto,basso,medio,molto basso,molto basso,alto,medio,molto alto,alto,medio,molto basso,basso,basso,molto basso,alto,alto,2,3,1,2,0,0,3,2,4,3,2,0,1,1,0,3,3,13,0.8,100,70,17.1,11.1
5112,2024-10-02 23:00:00+00:00,89,0,0,231,2024-10-02T23:00:00Z,2503.373282438665,0,7,-10,0,0,14,0,18.66482041055423,970.7956966046268,16,0,0,0,18.761581487667314,33.31299571969185,18.863809235255445,22.039311022898893,6.576440899240151,4.405351767436098,25.53240558670734,17.967309262131472,27.578371139386622,33.71022034465122,5.0171671747236,9.909852745456693,25.53240558670734,23.716998791737243,1.3777173567376146,24.524871569412117,29.93753510491514,molto alto,molto alto,alto,molto alto,alto,basso,molto alto,molto alto,molto alto,molto alto,medio,medio,molto alto,alto,molto basso,molto alto,molto alto,4,4,3,4,3,1,4,4,4,4,2,2,4,3,0,4,4,24,14,100,87,17.7,14
5112,2024-10-03 23:00:00+00:00,89,21,87.5,252,2024-10-03T23:00:00Z,2513.0945372671813,2,9,-10,0,0,14,0,10.109397167808794,980.9050937724355,16,0,0,0,24.538901380187905,52.18084280589642,26.45671673898379,32.74671550602792,8.214818331514689,4.405351767436098,37.506360172949236,23.330758363374315,40.87567885228907,53.945099763407555,11.894133766530429,12.51723721639423,37.506360172949236,34.63239584530769,1.3777173567376146,35.56542003130828,45.299196111712064,molto alto,molto alto,molto alto,molto alto,alto,basso,molto alto,molto alto,molto alto,molto alto,alto,alto,molto alto,molto alto,molto basso,molto alto,molto alto,4,4,4,4,3,1,4,4,4,4,3,3,4,4,0,4,4,22,59,100,82,14.5,10.6
5112,2024-10-04 23:00:00+00:00,89,24,100,276,2024-10-04T23:00:00Z,2521.3964541637265,2,11,-10,0,2,16,0,8.980350274560347,989.8854440469959,16,0,0,0,27.601939450060204,71.04572208905223,32.55627136223264,42.90791899615672,9.004622974488727,4.405351767436098,48.34596976018179,26.124676785046773,53.077906925401855,75.25635490350558,23.50513212405544,13.804620751603709,48.34596976018179,44.42845207373716,1.3777173567376146,45.18806259853163,60.18130838874664,molto alto,molto alto,molto alto,molto alto,alto,basso,molto alto,molto alto,molto alto,molto alto,molto alto,alto,molto alto,molto alto,molto basso,molto alto,molto alto,4,4,4,4,3,1,4,4,4,4,4,3,4,4,0,4,4,24,18.799999999999994,100,89,13.3,10.5
5112,2024-10-05 23:00:00+00:00,89,8,33.33333333333333,284,2024-10-05T23:00:00Z,2531.847373753256,0,11,-10,0,0,16,0,3.4537903783107575,993.3392344253066,16,0,0,0,1.730845553160469,5.891745620601949,2.4463559735610527,3.4979924402386073,0.6191249427628711,0.7204997576021246,3.8182995186594306,1.646039643626649,4.210157447404691,6.457007083402276,2.9231164942705496,0.9232377283339264,3.8182995186594306,3.5023575549930683,0.2684328490454631,3.4968703220323967,4.917193084382821,basso,medio,molto basso,basso,molto basso,molto basso,basso,medio,alto,alto,basso,molto basso,basso,molto basso,molto basso,basso,medio,1,2,0,1,0,0,1,2,3,3,1,0,1,0,0,1,2,8,1.2,98,57,17.8,9.5
5112,2024-10-06 23:00:00+00:00,89,0,0,284,2024-10-06T23:00:00Z,2542.13481477232,0,11,-10,0,0,16,0,0.320036375533886,993.6592708008404,16,0,0,0,0,0.6584453562178213,0.0054630387546683555,0.5206921089081007,0,0,0.26164853358282003,0,0.30876348664058617,1.5702932625785706,2.473752780860628,0,0.26164853358282003,0.229879517485399,0,0.10965806521911073,0.8032241755433907,molto basso,molto basso,molto basso,molto basso,molto basso,molto basso,molto basso,molto basso,molto basso,basso,basso,molto basso,molto basso,molto basso,molto basso,molto basso,molto basso,0,0,0,0,0,0,0,0,0,1,1,0,0,0,0,0,0,3,0,90,41,19,7.1
5112,2024-10-07 23:00:00+00:00,89,0,0,284,2024-10-07T23:00:00Z,2552.5015775803104,0,11,-10,0,0,16,0,1.3719490848893887,995.0312198857298,16,0,0,0,0.5372914297000977,1.8984581175124027,0.5430347270775087,1.330148543626922,0.1686020049328196,0,1.0957899016616561,0.5079712053179775,1.2254561391088559,3.1124263450663623,3.418639111512258,0.2617527275206392,1.0957899016616561,0.9958395719153543,0,0.8622166313521676,1.952802992960811,molto basso,molto basso,molto basso,molto basso,molto basso,molto basso,molto basso,molto basso,basso,basso,basso,molto basso,molto basso,molto basso,molto basso,molto basso,molto basso,0,0,0,0,0,0,0,0,1,1,1,0,0,0,0,0,0,6,0.8,91,43,18.5,7.1
5112,2024-10-08 23:00:00+00:00,89,0,0,284,2024-10-08T23:00:00Z,2566.4781354030247,0,11,-10,0,1,17,0,16.963216302233302,1011.9944361879631,17,0,0,0,14.05215694423469,19.76391830653103,13.314278398103555,15.013544113257677,5.6991232677618875,6.614464525190723,16.937488038106352,13.649457093815094,17.951833785343492,20.58858232892443,4.397297517266494,8.262834751391377,16.937488038106352,15.955351156969213,2.7798997071333167,16.359703810633082,19.4449625253268,molto alto,molto alto,alto,alto,medio,medio,molto alto,molto alto,molto alto,molto alto,medio,basso,alto,alto,basso,molto alto,molto alto,4,4,3,3,2,2,4,4,4,4,2,1,3,3,1,4,4,20,25.4,100,75,19.5,13.9
5112,2024-10-09 23:00:00+00:00,89,17,70.83333333333334,301,2024-10-09T23:00:00Z,2580.8788309532974,0,11,-10,0,0,17,0,16.90800196674626,1028.9024381547092,17,0,0,0,28.519238546791097,37.06901173700933,26.376485607222698,28.586440364526364,11.45329996783554,12.963939111154515,32.8646386773233,27.756570822156544,34.728253204679895,37.26405493229073,4.620069910028913,16.674225268142123,32.8646386773233,31.004039067974478,4.921131200850625,32.059688151789025,36.85053602802662,molto alto,molto alto,molto alto,molto alto,alto,alto,molto alto,molto alto,molto alto,molto alto,medio,alto,molto alto,molto alto,medio,molto alto,molto alto,4,4,4,4,3,3,4,4,4,4,2,3,4,4,2,4,4,19,0.2,100,72,21.4,15.3
5112,2024-10-10 23:00:00+00:00,89,19,79.16666666666666,320,2024-10-10T23:00:00Z,2595.4381240709354,0,11,-10,0,0,17,0,17.145986819319663,1046.0484249740289,24,0,0,0,14.304505190986553,16.983700613380947,13.106171223293117,13.638097383094856,5.964759304518197,5.9763860999108065,15.841813059381625,13.944174024805518,16.620057280080346,16.357185726205746,0.25508713187296306,8.589397398495947,15.841813059381625,15.02524579268364,2.6185768487177645,15.604911372477002,17.120391572310314,molto alto,molto alto,alto,alto,medio,medio,molto alto,molto alto,molto alto,molto alto,molto basso,medio,alto,alto,basso,molto alto,molto alto,4,4,3,3,2,2,4,4,4,4,0,2,3,3,1,4,4,19,2.2,100,70,22,15.5
5112,2024-10-11 23:00:00+00:00,89,2,8.333333333333332,322,2024-10-11T23:00:00Z,2608.588271057999,0,11,-10,0,0,17,0,0.6295477191472774,1046.6779726931761,24,0,0,0,0.01158207503276224,1.3362139179254735,0.2964245796220547,0.7036125217599101,0.0025486102309104307,0,0.6744867697521156,0.010227486450968059,0.7724668885202917,1.6798689908667952,1.5816071830243046,0.004323802483243713,0.6744867697521156,0.6030890609563454,0,0.5514532330252319,1.0535004775617658,molto basso,molto basso,molto basso,molto basso,molto basso,molto basso,molto basso,molto basso,basso,basso,basso,molto basso,molto basso,molto basso,molto basso,molto basso,molto basso,0,0,0,0,0,0,0,0,1,1,1,0,0,0,0,0,0,2,0,89,40,22.5,10
5112,2024-10-12 23:00:00+00:00,89,0,0,322,2024-10-12T23:00:00Z,2620.827630603766,0,11,-10,0,0,17,0,1.1358799630213117,1047.8138526561975,24,0,0,0,0.050566364156151795,2.680105163353424,0.6034958164049667,1.4140993156561366,0.011550129610708068,0,1.3594493038004598,0.045015162160833455,1.5558508149955816,3.362916929855738,3.1336987868935795,0.019412842366578472,1.3594493038004598,1.2160757219132734,0,1.1145796055841197,2.115709370529224,molto basso,basso,molto basso,molto basso,molto basso,molto basso,molto basso,molto basso,medio,basso,basso,molto basso,molto basso,molto basso,molto basso,molto basso,basso,0,1,0,0,0,0,0,0,2,1,1,0,0,0,0,0,1,4,0,92,44,21.5,9.9
5112,2024-10-13 23:00:00+00:00,89,0,0,322,2024-10-13T23:00:00Z,2633.237929620356,0,11,-10,0,0,17,0,2.8742564122134584,1050.688109068411,24,0,0,0,1.172221627921959,5.9710364612320825,2.0476688330628967,3.2362214426285014,0.30270470273717875,0,3.513213977533971,1.0697882531783303,3.9430660719538597,6.613512420936043,3.072360942712455,0.4932940284981187,3.513213977533971,3.180784785918925,0,3.1579062281746113,4.719701971948558,molto basso,medio,molto basso,basso,molto basso,molto basso,basso,basso,alto,alto,basso,molto basso,basso,molto basso,molto basso,basso,basso,0,2,0,1,0,0,1,1,3,3,1,0,1,0,0,1,1,7,0.2,99,57,19.5,10.9
5112,2024-10-14 23:00:00+00:00,89,0,0,322,2024-10-14T23:00:00Z,2646.326371717061,0,11,-10,0,0,17,0,7.768310110447468,1058.4564191788584,24,0,0,0,4.960528095589684,12.436502216735205,5.638231369611172,7.290576226955733,1.4414332441967412,0,8.373530763449851,4.6264561103966395,9.228798490443596,12.882258022080894,2.533918585118347,2.280392466966636,8.373530763449851,7.669687008508205,0,7.878127640359831,10.329540463600166,alto,alto,basso,alto,molto basso,molto basso,alto,alto,molto alto,molto alto,basso,molto basso,medio,basso,molto basso,alto,alto,3,3,1,3,0,0,3,3,4,4,1,0,2,1,0,3,3,14,0,100,62,20.3,12.5
5112,2024-10-15 23:00:00+00:00,89,0,0,322,2024-10-15T23:00:00Z,2659.2413414737925,0,11,-10,0,0,17,0,2.353516635536964,1060.8099358143954,24,0,0,0,0.8212294153251772,4.995042992889704,1.6257366057504081,2.6806705937692152,0.20657770908426,0,2.8741983768860986,0.7457419021674401,3.235631236837751,5.605947688119549,2.8997139694233645,0.33889954101259734,2.8741983768860986,2.5972679453776784,0,2.5585893944160767,3.926496209951411,molto basso,medio,molto basso,basso,molto basso,molto basso,basso,basso,alto,alto,basso,molto basso,molto basso,molto basso,molto basso,basso,basso,0,2,0,1,0,0,1,1,3,3,1,0,0,0,0,1,1,6,0,97,54,19.9,10.7
5112,2024-10-16 23:00:00+00:00,89,0,0,322,2024-10-16T23:00:00Z,2671.881759463626,0,11,-10,0,0,17,0,5.425442376647174,1066.2353781910426,24,0,0,0,2.762162275156477,8.744112301125394,3.6357032550317863,5.098234321452363,0.8707158171107794,0.30017568546771034,5.658683913400979,2.6004791953213937,6.256868920519502,9.450068117995828,3.665904481326745,1.3464513237077425,5.658683913400979,5.1757075792862155,0.08456723802236651,5.215689380598588,7.2450158056766805,basso,alto,basso,medio,molto basso,molto basso,medio,medio,molto alto,alto,medio,molto basso,basso,basso,molto basso,medio,alto,1,3,1,2,0,0,2,2,4,3,2,0,1,1,0,2,3,11,0.8,100,61,18.7,10.9
5112,2024-10-17 23:00:00+00:00,89,0,0,322,2024-10-17T23:00:00Z,2685.271216129995,0,11,-10,0,0,17,0,16.445482013939877,1082.6808602049825,25,0,0,0,16.30296689651523,28.24359967180372,16.324245885490864,18.976714973121588,5.854444733946983,4.426880825617656,21.931891228365508,15.661208581820574,23.634635634230317,28.61995641880049,4.647159549508898,8.767710999597456,21.931891228365508,20.4072799491176,1.4503375709108473,21.081692674917825,25.633312514821345,molto alto,molto alto,alto,molto alto,medio,basso,molto alto,molto alto,molto alto,molto alto,medio,medio,alto,alto,molto basso,molto alto,molto alto,4,4,3,4,2,1,4,4,4,4,2,2,3,3,0,4,4,21,4,100,83,18.6,14.2
5112,2024-10-18 23:00:00+00:00,89,22,91.66666666666666,344,2024-10-18T23:00:00Z,2698.821579365117,0,11,-10,0,2,19,0,20.233419057577827,1102.9142792625603,27,0,0,0,17.59709792394129,22.56673844040252,15.905393346321572,16.815127943074337,6.60790416612376,5.221243534201907,19.8422331342475,17.06315480600027,21.055998350016996,21.87158353014963,0.3510188907811612,9.80580929821374,19.8422331342475,18.645294803873334,1.5274165268289788,19.495529498808384,22.02027406232552,molto alto,molto alto,alto,molto alto,alto,medio,molto alto,molto alto,molto alto,molto alto,molto basso,medio,alto,alto,molto basso,molto alto,molto alto,4,4,3,4,3,2,4,4,4,4,0,2,3,3,0,4,4,24,31.4,100,100,17.1,15.5
5112,2024-10-19 23:00:00+00:00,89,21,87.5,365,2024-10-19T23:00:00Z,2712.895537221257,0,11,-10,0,1,20,0,18.185780859927842,1121.1000601224882,35,0,0,0,15.608228770720961,19.32361922047739,14.168441387591834,14.858874800131067,6.120522271946801,5.629832365877888,17.435172297958182,15.178537311645654,18.413710337729707,18.67837732692607,0.29526270246041264,8.972615097681032,17.435172297958182,16.44506310359618,2.004516562820733,17.15355920202399,19.154712034498527,molto alto,molto alto,alto,alto,alto,medio,molto alto,molto alto,molto alto,molto alto,molto basso,medio,alto,alto,basso,molto alto,molto alto,4,4,3,3,3,2,4,4,4,4,0,2,3,3,1,4,4,21,14.6,100,81,20.2,15.5
5112,2024-10-20 23:00:00+00:00,89,0,0,365,2024-10-20T23:00:00Z,2727.0461251666375,0,11,-10,0,0,20,0,2.0029245137299974,1123.1029846362183,35,0,0,0,16.5160965170149,22.12000757296449,15.31953799815348,16.43997656181077,6.369863301859831,5.629832365877888,19.225137929536483,16.017005612269816,20.400477006493823,21.6289136289643,1.0765495777434129,9.372772639202395,19.225137929536483,18.077038110969983,2.004516562820733,18.815292652100435,21.421842536659796,molto alto,molto alto,alto,molto alto,alto,medio,molto alto,molto alto,molto alto,molto alto,molto basso,medio,alto,alto,basso,molto alto,molto alto,4,4,3,4,3,2,4,4,4,4,0,2,3,3,1,4,4,4,0,94,48,22.8,12.1
5112,2024-10-21 23:00:00+00:00,89,0,0,365,2024-10-21T23:00:00Z,2740.3211801593807,0,11,-10,0,0,20,0,0.34084306472208437,1123.4438277009403,35,0,0,0,0,0.5988279134624906,0.11161442289530003,0.3197993172681058,0,0,0.2896057120803542,0,0.3334969376847787,0.796635388707571,0.8859155180915415,0,0.2896057120803542,0.258099539318053,0,0.22650859584899666,0.48180030191651274,molto basso,molto basso,molto basso,molto basso,molto basso,molto basso,molto basso,molto basso,molto basso,molto basso,molto basso,molto basso,molto basso,molto basso,molto basso,molto basso,molto basso,0,0,0,0,0,0,0,0,0,0,0,0,0,0,0,0,0,1,0,87,36,23.3,9.7
5112,2024-10-22 23:00:00+00:00,89,0,0,365,2024-10-22T23:00:00Z,2754.39812710218,0,11,-10,0,0,20,0,4.613951701164141,1128.0577794021044,35,0,0,0,2.8278751050559667,6.758921616414801,3.133554409344336,3.9922990970364265,0.8258212783172343,0,4.605017189751631,2.64060771954657,5.067816575617778,6.9620212570157936,1.2113198203721036,1.3051059391922966,4.605017189751631,4.221853171502946,0,4.347387867452555,5.642804365283429,medio,medio,molto basso,basso,molto basso,molto basso,medio,medio,alto,alto,molto basso,molto basso,basso,basso,molto basso,medio,medio,2,2,0,1,0,0,2,2,3,3,0,0,1,1,0,2,2,8,0,96,51,22.7,12.7
5112,2024-10-23 23:00:00+00:00,89,1,4.166666666666666,366,2024-10-23T23:00:00Z,2767.609234590149,0,11,-10,0,2,22,0,19.18247651151214,1147.2402559136165,37,0,0,0,16.31402591692264,22.57052040508545,15.042183237592385,16.253180972039875,5.996509513991887,4.2627763588435705,19.12823058126712,15.753672299627127,20.394607760940186,22.06480177650159,0.7551541433304544,8.938927641109482,19.12823058126712,17.91923733425126,1.3497536055514283,18.703815177765623,21.490221458228373,molto alto,molto alto,alto,molto alto,medio,basso,molto alto,molto alto,molto alto,molto alto,molto basso,medio,alto,alto,molto basso,molto alto,molto alto,4,4,3,4,2,1,4,4,4,4,0,2,3,3,0,4,4,24,43,100,91,17.8,14.5
5112,2024-10-24 23:00:00+00:00,89,24,100,390,2024-10-24T23:00:00Z,2780.52420434688,0,11,-10,0,0,22,0,18.328266808359597,1165.568522721976,45,0,0,0,31.846058538959092,45.33554273573474,29.484077486201002,32.11072776678465,11.491272055981675,6.667506223632915,37.8176092519112,30.68322332177882,40.41999443642298,44.425895211817405,1.634872882637473,17.21089146352827,37.8176092519112,35.36575576762343,2.1040660842534824,36.92020339868319,42.71494028641505,molto alto,molto alto,molto alto,molto alto,alto,medio,molto alto,molto alto,molto alto,molto alto,basso,alto,molto alto,molto alto,basso,molto alto,molto alto,4,4,4,4,3,2,4,4,4,4,1,3,4,4,1,4,4,24,5.4,100,94,17.5,14.6
5112,2024-10-25 23:00:00+00:00,89,17,70.83333333333334,407,2024-10-25T23:00:00Z,2794.4633685043427,0,11,-10,0,0,22,0,13.164807064518536,1178.7333297864946,53,0,0,0,10.675352384165505,15.69620479824018,10.007368496739591,11.006622770932049,3.846461592784926,2.6855061626557286,12.929071241652764,10.275500028845679,13.838175908542192,15.44951561633696,0.777566177792975,5.760579630153124,12.929071241652764,12.080779436680007,0.8526910158848562,12.59319932929178,14.675550924418292,molto alto,alto,medio,alto,basso,basso,alto,molto alto,molto alto,molto alto,molto basso,basso,alto,alto,molto basso,alto,alto,4,3,2,3,1,1,3,4,4,4,0,1,3,3,0,3,3,17,0.2,100,71,20.5,14.2
5112,2024-10-26 23:00:00+00:00,89,24,100,431,2024-10-26T23:00:00Z,2808.433726781562,0,11,-10,0,0,22,1,21.672485102637836,1200.4058148891324,55,0,0,0,29.609094847003128,37.687985912088905,27.047736033394,28.581796478906398,11.496354646302672,11.793308604469825,33.532867657677734,28.773015814720416,35.48468309903969,36.57674071722965,0.9816188602633322,16.900315558235206,33.532867657677734,31.583629044605548,3.943213575358182,32.93453920959407,37.06159568935225,molto alto,molto alto,molto alto,molto alto,alto,alto,molto alto,molto alto,molto alto,molto alto,molto basso,alto,molto alto,molto alto,basso,molto alto,molto alto,4,4,4,4,3,3,4,4,4,4,0,3,4,4,1,4,4,24,1.6,100,92,18.3,15.1
5112,2024-10-27 23:00:00+00:00,89,9,37.5,440,2024-10-27T23:00:00Z,2822.104932944631,0,11,-10,0,0,22,0,4.693017418148721,1205.098832307281,56,0,0,0,3.0201054690624574,8.446804959453548,3.639101101956215,4.866187885115737,0.8613632860515411,0,5.538265565803536,2.80697956489172,6.1254775721005315,8.854681435829473,2.162611920039845,1.36895564428389,5.538265565803536,5.061330779100294,0,5.171029816254208,6.935507434626886,medio,alto,basso,basso,molto basso,molto basso,medio,medio,molto alto,alto,basso,molto basso,basso,basso,molto basso,medio,alto,2,3,1,1,0,0,2,2,4,3,1,0,1,1,0,2,3,9,0,99,57,20.8,12.1
5112,2024-10-28 23:00:00+00:00,89,0,0,440,2024-10-28T23:00:00Z,2836.172902643314,0,11,-10,0,0,22,0,6.794716779614463,1211.8935490868955,56,0,0,0,5.311943012951952,8.939532449666286,5.113034535168003,5.850208031143857,1.7521175838245904,0.0667557589198777,6.879928802861112,5.059178057120785,7.442694033936524,8.900046982705547,0.6215243416830905,2.6857570287258294,6.879928802861112,6.3797924165167155,0.0161575738430672,6.648346401820685,8.002447034245796,alto,alto,basso,medio,molto basso,molto basso,alto,alto,molto alto,alto,molto basso,molto basso,basso,basso,molto basso,alto,alto,3,3,1,2,0,0,3,3,4,3,0,0,1,1,0,3,3,10,0.2,100,60,21.1,12.9
5112,2024-10-29 23:00:00+00:00,89,0,0,440,2024-10-29T23:00:00Z,2848.570191929501,0,11,-10,0,0,22,0,1.2141287679427384,1213.1076778548384,56,0,0,0,0.026563744667489866,2.0584784581349185,0.4747918023042012,1.081159145749004,0.005833276757317811,0,1.0501503364493265,0.02344621341802139,1.2010858827325714,2.5532290420750066,2.292088537164388,0.009901415005668246,1.0501503364493265,0.9397451356104438,0,0.867101953381497,1.6162032268898021,molto basso,molto basso,molto basso,molto basso,molto basso,molto basso,molto basso,molto basso,basso,basso,basso,molto basso,molto basso,molto basso,molto basso,molto basso,molto basso,0,0,0,0,0,0,0,0,1,1,1,0,0,0,0,0,0,4,0,90,41,22.4,10.2
5112,2024-10-30 23:00:00+00:00,89,0,0,440,2024-10-30T23:00:00Z,2860.915208623378,0,11,-10,0,0,22,0,0.3242999954866926,1213.431977850325,56,0,0,0,0,0.5696645442863463,0.09809459272853255,0.30717240241294,0,0,0.2709710484746392,0,0.31269433213972847,0.7778669854562543,0.9178997332742926,0,0.2709710484746392,0.24119029206464707,0,0.20754793102215974,0.46383723894831136,molto basso,molto basso,molto basso,molto basso,molto basso,molto basso,molto basso,molto basso,molto basso,molto basso,molto basso,molto basso,molto basso,molto basso,molto basso,molto basso,molto basso,0,0,0,0,0,0,0,0,0,0,0,0,0,0,0,0,0,1,0.2,81,30,24.6,8.8
5112,2024-10-31 23:00:00+00:00,89,0,0,440,2024-10-31T23:00:00Z,2872.370537401378,0,11,-10,0,0,22,0,0,1213.431977850325,56,0,0,0,0,0,0,0,0,0,0,0,0,0,0,0,0,0,0,0,0,molto basso,molto basso,molto basso,molto basso,molto basso,molto basso,molto basso,molto basso,molto basso,molto basso,molto basso,molto basso,molto basso,molto basso,molto basso,molto basso,molto basso,0,0,0,0,0,0,0,0,0,0,0,0,0,0,0,0,0,0,0,80,29,23.8,7.7
5112,2024-11-01 23:00:00+00:00,89,0,0,440,2024-11-01T23:00:00Z,2882.168343158001,0,11,-10,0,0,22,0,0.26924111662818545,1213.701218966953,56,0,0,0,0,0,0,0,0,0,0,0,0,0,0,0,0,0,0,0,0,molto basso,molto basso,molto basso,molto basso,molto basso,molto basso,molto basso,molto basso,molto basso,molto basso,molto basso,molto basso,molto basso,molto basso,molto basso,molto basso,molto basso,0,0,0,0,0,0,0,0,0,0,0,0,0,0,0,0,0,1,0.2,83,32,21.3,6.4
5112,2024-11-02 23:00:00+00:00,89,0,0,440,2024-11-02T23:00:00Z,2891.2495929637894,0,11,-10,0,0,22,0,1.1401888477621713,1214.8414078147152,56,0,0,0,0.024492923555147792,2.8566973067178734,0.5237069391632365,1.551672428314078,0.005469554169164549,0,1.3815393612129847,0.021698084811639182,1.590531535897099,3.8854516419189578,4.433162126468787,0.009245134918841642,1.3815393612129847,1.2314937216550224,0,1.0702246522023264,2.3381307903427544,molto basso,basso,molto basso,molto basso,molto basso,molto basso,molto basso,molto basso,medio,medio,medio,molto basso,molto basso,molto basso,molto basso,molto basso,basso,0,1,0,0,0,0,0,0,2,2,2,0,0,0,0,0,1,5,0.2,95,49,18.7,8.7
5112,2024-11-03 23:00:00+00:00,89,0,0,440,2024-11-03T23:00:00Z,2900.313896650867,0,11,-10,0,0,22,0,0.4434131882166473,1215.284821002932,56,0,0,0,0,0.7850740818710998,0.06825025334865062,0.473745257617421,0,0,0.34019933625714893,0,0.3971957964036857,1.314306400004802,1.9950969827775298,0,0.34019933625714893,0.30073726141458107,0,0.2174289069755338,0.7238647786548063,molto basso,molto basso,molto basso,molto basso,molto basso,molto basso,molto basso,molto basso,molto basso,molto basso,basso,molto basso,molto basso,molto basso,molto basso,molto basso,molto basso,0,0,0,0,0,0,0,0,0,0,1,0,0,0,0,0,0,3,0,92,45,18.3,7.4
5112,2024-11-04 23:00:00+00:00,89,0,0,440,2024-11-04T23:00:00Z,2905.925795989521,0,11,-10,0,0,22,0,0,1215.284821002932,56,0,0,0,0,0,0,0,0,0,0,0,0,0,0,0,0,0,0,0,0,molto basso,molto basso,molto basso,molto basso,molto basso,molto basso,molto basso,molto basso,molto basso,molto basso,molto basso,molto basso,molto basso,molto basso,molto basso,molto basso,molto basso,0,0,0,0,0,0,0,0,0,0,0,0,0,0,0,0,0,0,0,78,25,19.3,2.5
5112,2024-11-05 23:00:00+00:00,89,0,0,440,2024-11-05T23:00:00Z,2911.2977797742565,0,11,-10,0,0,22,0,0.0263974931280322,1215.31121849606,56,0,0,0,0,0,0,0.049951395869735224,0,0,0,0,0,0.18179178224631645,0,0,0,0,0,0,0.07841466934567565,molto basso,molto basso,molto basso,molto basso,molto basso,molto basso,molto basso,molto basso,molto basso,molto basso,molto basso,molto basso,molto basso,molto basso,molto basso,molto basso,molto basso,0,0,0,0,0,0,0,0,0,0,0,0,0,0,0,0,0,1,0.2,78,26,18.5,2
5112,2024-11-06 23:00:00+00:00,89,0,0,440,2024-11-06T23:00:00Z,2915.564887602235,0,11,-10,0,0,22,0,0,1215.31121849606,56,0,0,0,0,0,0,0,0,0,0,0,0,0,0,0,0,0,0,0,0,molto basso,molto basso,molto basso,molto basso,molto basso,molto basso,molto basso,molto basso,molto basso,molto basso,molto basso,molto basso,molto basso,molto basso,molto basso,molto basso,molto basso,0,0,0,0,0,0,0,0,0,0,0,0,0,0,0,0,0,0,0,81,30,17.6,2.6
5112,2024-11-07 23:00:00+00:00,89,0,0,440,2024-11-07T23:00:00Z,2919.5283235377906,0,11,-10,0,0,22,0,0,1215.31121849606,56,0,0,0,0,0,0,0,0,0,0,0,0,0,0,0,0,0,0,0,0,molto basso,molto basso,molto basso,molto basso,molto basso,molto basso,molto basso,molto basso,molto basso,molto basso,molto basso,molto basso,molto basso,molto basso,molto basso,molto basso,molto basso,0,0,0,0,0,0,0,0,0,0,0,0,0,0,0,0,0,0,0,82,32,16.7,2.6
5112,2024-11-08 23:00:00+00:00,89,0,0,440,2024-11-08T23:00:00Z,2923.9247619453017,0,11,-10,0,0,22,0,0.0111987821581875,1215.3224172782182,56,0,0,0,0,0,0,0.03692692292045439,0,0,0,0,0,0.13787958356795996,0,0,0,0,0,0,0.05808346202755592,molto basso,molto basso,molto basso,molto basso,molto basso,molto basso,molto basso,molto basso,molto basso,molto basso,molto basso,molto basso,molto basso,molto basso,molto basso,molto basso,molto basso,0,0,0,0,0,0,0,0,0,0,0,0,0,0,0,0,0,1,0.2,85,37,16.1,3.5
5112,2024-11-09 23:00:00+00:00,89,0,0,440,2024-11-09T23:00:00Z,2927.285686871262,0,11,-10,0,0,22,0,0,1215.3224172782182,56,0,0,0,0,0,0,0,0,0,0,0,0,0,0,0,0,0,0,0,0,molto basso,molto basso,molto basso,molto basso,molto basso,molto basso,molto basso,molto basso,molto basso,molto basso,molto basso,molto basso,molto basso,molto basso,molto basso,molto basso,molto basso,0,0,0,0,0,0,0,0,0,0,0,0,0,0,0,0,0,0,0,83,34,15.5,2.3
5112,2024-11-10 23:00:00+00:00,89,0,0,440,2024-11-10T23:00:00Z,2931.4239527156124,0,11,-10,0,0,22,0,0,1215.3224172782182,56,0,0,0,0,0,0,0,0,0,0,0,0,0,0,0,0,0,0,0,0,molto basso,molto basso,molto basso,molto basso,molto basso,molto basso,molto basso,molto basso,molto basso,molto basso,molto basso,molto basso,molto basso,molto basso,molto basso,molto basso,molto basso,0,0,0,0,0,0,0,0,0,0,0,0,0,0,0,0,0,0,0,78,26,18.9,2.2
5112,2024-11-11 23:00:00+00:00,89,0,0,440,2024-11-11T23:00:00Z,2934.5208752961303,0,11,-10,0,0,22,0,0,1215.3224172782182,56,0,0,0,0,0,0,0,0,0,0,0,0,0,0,0,0,0,0,0,0,molto basso,molto basso,molto basso,molto basso,molto basso,molto basso,molto basso,molto basso,molto basso,molto basso,molto basso,molto basso,molto basso,molto basso,molto basso,molto basso,molto basso,0,0,0,0,0,0,0,0,0,0,0,0,0,0,0,0,0,1,0,87,42,14.5,3.7
5112,2024-11-12 23:00:00+00:00,89,0,0,440,2024-11-12T23:00:00Z,2935.8477249816706,0,11,-10,0,0,22,0,0,1215.3224172782182,56,0,0,0,0,0,0,0,0,0,0,0,0,0,0,0,0,0,0,0,0,molto basso,molto basso,molto basso,molto basso,molto basso,molto basso,molto basso,molto basso,molto basso,molto basso,molto basso,molto basso,molto basso,molto basso,molto basso,molto basso,molto basso,0,0,0,0,0,0,0,0,0,0,0,0,0,0,0,0,0,0,0,82,35,13.3,1.1
5112,2024-11-13 23:00:00+00:00,89,0,0,440,2024-11-13T23:00:00Z,2936.1002289539347,0,11,-10,0,0,22,0,0,1215.3224172782182,56,0,0,0,0,0,0,0.01186599622710726,0,0,0,0,0,0.0471517812859275,0,0,0,0,0,0,0.018747247528765772,molto basso,molto basso,molto basso,molto basso,molto basso,molto basso,molto basso,molto basso,molto basso,molto basso,molto basso,molto basso,molto basso,molto basso,molto basso,molto basso,molto basso,0,0,0,0,0,0,0,0,0,0,0,0,0,0,0,0,0,1,0.2,76,30,12.1,-1.2
5112,2024-11-14 23:00:00+00:00,89,0,0,440,2024-11-14T23:00:00Z,2936.817411581119,0,11,-10,0,0,22,0,0,1215.3224172782182,56,0,0,0,0,0,0,0,0,0,0,0,0,0,0,0,0,0,0,0,0,molto basso,molto basso,molto basso,molto basso,molto basso,molto basso,molto basso,molto basso,molto basso,molto basso,molto basso,molto basso,molto basso,molto basso,molto basso,molto basso,molto basso,0,0,0,0,0,0,0,0,0,0,0,0,0,0,0,0,0,0,0,82,41,10.9,0.8
5112,2024-11-15 23:00:00+00:00,89,0,0,440,2024-11-15T23:00:00Z,2936.817411581119,0,11,-10,0,0,22,0,0,1215.3224172782182,56,0,0,0,0,0,0,0,0,0,0,0,0,0,0,0,0,0,0,0,0,molto basso,molto basso,molto basso,molto basso,molto basso,molto basso,molto basso,molto basso,molto basso,molto basso,molto basso,molto basso,molto basso,molto basso,molto basso,molto basso,molto basso,0,0,0,0,0,0,0,0,0,0,0,0,0,0,0,0,0,0,0,73,25,13,-2.3
5112,2024-11-16 23:00:00+00:00,89,0,0,440,2024-11-16T23:00:00Z,2936.8323003840674,0,11,-10,0,0,22,0,0,1215.3224172782182,56,0,0,0,0,0,0,0,0,0,0,0,0,0,0,0,0,0,0,0,0,molto basso,molto basso,molto basso,molto basso,molto basso,molto basso,molto basso,molto basso,molto basso,molto basso,molto basso,molto basso,molto basso,molto basso,molto basso,molto basso,molto basso,0,0,0,0,0,0,0,0,0,0,0,0,0,0,0,0,0,1,0.2,76,28,13.1,-1.1
5112,2024-11-17 23:00:00+00:00,89,0,0,440,2024-11-17T23:00:00Z,2936.8323003840674,0,11,-10,0,0,22,0,0,1215.3224172782182,56,0,0,0,0,0,0,0,0,0,0,0,0,0,0,0,0,0,0,0,0,molto basso,molto basso,molto basso,molto basso,molto basso,molto basso,molto basso,molto basso,molto basso,molto basso,molto basso,molto basso,molto basso,molto basso,molto basso,molto basso,molto basso,0,0,0,0,0,0,0,0,0,0,0,0,0,0,0,0,0,1,0.2,78,34,11.4,-0.7
5112,2024-11-18 23:00:00+00:00,89,0,0,440,2024-11-18T23:00:00Z,2937.5304991482935,0,11,-10,0,0,22,0,0,1215.3224172782182,56,0,0,0,0,0,0,0,0,0,0,0,0,0,0,0,0,0,0,0,0,molto basso,molto basso,molto basso,molto basso,molto basso,molto basso,molto basso,molto basso,molto basso,molto basso,molto basso,molto basso,molto basso,molto basso,molto basso,molto basso,molto basso,0,0,0,0,0,0,0,0,0,0,0,0,0,0,0,0,0,1,0.2,80,33,13.5,0.7
5112,2024-11-19 23:00:00+00:00,89,0,0,440,2024-11-19T23:00:00Z,2940.588450449423,0,11,-10,0,0,22,0,0,1215.3224172782182,56,0,0,0,0,0,0,0.015938121309033906,0,0,0,0,0,0.06256203403180555,0,0,0,0,0,0,0.0251599604765388,molto basso,molto basso,molto basso,molto basso,molto basso,molto basso,molto basso,molto basso,molto basso,molto basso,molto basso,molto basso,molto basso,molto basso,molto basso,molto basso,molto basso,0,0,0,0,0,0,0,0,0,0,0,0,0,0,0,0,0,1,0,87,45,13,3.3
5112,2024-11-20 23:00:00+00:00,89,0,0,440,2024-11-20T23:00:00Z,2943.1813055987727,0,11,-10,0,0,22,0,0,1215.3224172782182,56,0,0,0,0,0,0,0.006745560146192741,0,0,0,0,0,0.02729688845116583,0,0,0,0,0,0,0.01067015233854453,molto basso,molto basso,molto basso,molto basso,molto basso,molto basso,molto basso,molto basso,molto basso,molto basso,molto basso,molto basso,molto basso,molto basso,molto basso,molto basso,molto basso,0,0,0,0,0,0,0,0,0,0,0,0,0,0,0,0,0,1,0,87,50,10.7,2.8
5112,2024-11-21 23:00:00+00:00,89,0,0,440,2024-11-21T23:00:00Z,2943.1813055987727,0,11,-10,0,0,22,0,0.000733880002675554,1215.3231511582208,56,0,0,0,0,0,0,0.11209592699185902,0,0,0,0,0,0.4166511379838241,0,0,0,0,0,0,0.1762514234982958,molto basso,molto basso,molto basso,molto basso,molto basso,molto basso,molto basso,molto basso,molto basso,molto basso,molto basso,molto basso,molto basso,molto basso,molto basso,molto basso,molto basso,0,0,0,0,0,0,0,0,0,0,0,0,0,0,0,0,0,4,5.8,70,29,8.8,-3.6
5112,2024-11-22 23:00:00+00:00,89,0,0,440,2024-11-22T23:00:00Z,2943.1813055987727,0,11,-10,0,0,22,0,0,1215.3231511582208,56,0,0,0,0,0,0,0.1403141936299036,0,0,0,0,0,0.5307759652517547,0,0,0,0,0,0,0.22088491109919747,molto basso,molto basso,molto basso,molto basso,molto basso,molto basso,molto basso,molto basso,molto basso,molto basso,molto basso,molto basso,molto basso,molto basso,molto basso,molto basso,molto basso,0,0,0,0,0,0,0,0,0,0,0,0,0,0,0,0,0,5,3,80,43,9.5,0.4
5112,2024-11-23 23:00:00+00:00,89,0,0,440,2024-11-23T23:00:00Z,2943.1813055987727,0,11,-10,0,0,22,0,0,1215.3231511582208,56,0,0,0,0,0,0,0,0,0,0,0,0,0,0,0,0,0,0,0,0,molto basso,molto basso,molto basso,molto basso,molto basso,molto basso,molto basso,molto basso,molto basso,molto basso,molto basso,molto basso,molto basso,molto basso,molto basso,molto basso,molto basso,0,0,0,0,0,0,0,0,0,0,0,0,0,0,0,0,0,0,0,73,31,9.6,-2.5
5112,2024-11-24 23:00:00+00:00,89,0,0,440,2024-11-24T23:00:00Z,2943.1813055987727,0,11,-10,0,0,22,0,0,1215.3231511582208,56,0,0,0,0,0,0,0,0,0,0,0,0,0,0,0,0,0,0,0,0,molto basso,molto basso,molto basso,molto basso,molto basso,molto basso,molto basso,molto basso,molto basso,molto basso,molto basso,molto basso,molto basso,molto basso,molto basso,molto basso,molto basso,0,0,0,0,0,0,0,0,0,0,0,0,0,0,0,0,0,0,0,76,37,8.8,-1.3
5112,2024-11-25 23:00:00+00:00,89,0,0,440,2024-11-25T23:00:00Z,2943.1813055987727,0,11,-10,0,0,22,0,0,1215.3231511582208,56,0,0,0,0,0,0,0,0,0,0,0,0,0,0,0,0,0,0,0,0,molto basso,molto basso,molto basso,molto basso,molto basso,molto basso,molto basso,molto basso,molto basso,molto basso,molto basso,molto basso,molto basso,molto basso,molto basso,molto basso,molto basso,0,0,0,0,0,0,0,0,0,0,0,0,0,0,0,0,0,0,0,77,40,8.7,-0.7
5112,2024-11-26 23:00:00+00:00,89,0,0,440,2024-11-26T23:00:00Z,2945.0477705865474,0,11,-10,0,0,22,0,0.3594292738819921,1215.6825804321027,56,0,0,0,0,0.9804757797543653,0.05369788244484383,0.6777786150520818,0,0,0.41109311846962077,0,0.4819315636889975,1.974971414904613,2.900565683656138,0,0.41109311846962077,0.3625480647996612,0,0.2352466714463835,1.0410749935923342,molto basso,molto basso,molto basso,molto basso,molto basso,molto basso,molto basso,molto basso,molto basso,basso,basso,molto basso,molto basso,molto basso,molto basso,molto basso,molto basso,0,0,0,0,0,0,0,0,0,1,1,0,0,0,0,0,0,4,1,90,64,9.2,4.2
5112,2024-11-27 23:00:00+00:00,89,0,0,440,2024-11-27T23:00:00Z,2949.174349199694,0,11,-10,0,0,22,0,0.34233748561418953,1216.024917917717,56,0,0,0,0,1.0276676518399726,0.06419357398112426,0.6550344181345922,0,0,0.43428468431351314,0,0.508624354590739,1.861809152819415,2.9330339715984817,0,0.43428468431351314,0.38321646904618023,0,0.25609153066996454,1.0037659422260625,molto basso,molto basso,molto basso,molto basso,molto basso,molto basso,molto basso,molto basso,molto basso,basso,basso,molto basso,molto basso,molto basso,molto basso,molto basso,molto basso,0,0,0,0,0,0,0,0,0,1,1,0,0,0,0,0,0,4,1,88,47,12.7,3.5
5112,2024-11-28 23:00:00+00:00,89,0,0,440,2024-11-28T23:00:00Z,2950.4603940429447,0,11,-10,0,0,22,0,0,1216.024917917717,56,0,0,0,0,0,0,0.032977711758451565,0,0,0,0,0,0.12541349556959483,0,0,0,0,0,0,0.05193974097401407,molto basso,molto basso,molto basso,molto basso,molto basso,molto basso,molto basso,molto basso,molto basso,molto basso,molto basso,molto basso,molto basso,molto basso,molto basso,molto basso,molto basso,0,0,0,0,0,0,0,0,0,0,0,0,0,0,0,0,0,2,0.2,86,53,9.4,2.4
5112,2024-11-29 23:00:00+00:00,89,0,0,440,2024-11-29T23:00:00Z,2952.803309973918,0,11,-10,0,0,22,0,0,1216.024917917717,56,0,0,0,0,0,0,0,0,0,0,0,0,0,0,0,0,0,0,0,0,molto basso,molto basso,molto basso,molto basso,molto basso,molto basso,molto basso,molto basso,molto basso,molto basso,molto basso,molto basso,molto basso,molto basso,molto basso,molto basso,molto basso,0,0,0,0,0,0,0,0,0,0,0,0,0,0,0,0,0,0,0,82,34,14.4,1.6
5112,2024-11-30 23:00:00+00:00,89,0,0,440,2024-11-30T23:00:00Z,2952.803309973918,0,11,-10,0,0,22,0,0,1216.024917917717,56,0,0,0,0,0,0,0.00016287786427337993,0,0,0,0,0,0.0006871252161598438,0,0,0,0,0,0,0.0002583043468556415,molto basso,molto basso,molto basso,molto basso,molto basso,molto basso,molto basso,molto basso,molto basso,molto basso,molto basso,molto basso,molto basso,molto basso,molto basso,molto basso,molto basso,0,0,0,0,0,0,0,0,0,0,0,0,0,0,0,0,0,1,0.2,78,32,12.3,-0.6
5112,2024-12-01 23:00:00+00:00,89,0,0,440,2024-12-01T23:00:00Z,2952.877223661608,0,11,-10,0,0,22,0,0,1216.024917917717,56,0,0,0,0,0,0,0.00016287786427337993,0,0,0,0,0,0.0006871252161598438,0,0,0,0,0,0,0.0002583043468556415,molto basso,molto basso,molto basso,molto basso,molto basso,molto basso,molto basso,molto basso,molto basso,molto basso,molto basso,molto basso,molto basso,molto basso,molto basso,molto basso,molto basso,0,0,0,0,0,0,0,0,0,0,0,0,0,0,0,0,0,1,0.2,75,26,14.1,-1.2
5112,2024-12-02 23:00:00+00:00,89,0,0,440,2024-12-02T23:00:00Z,2952.877223661608,0,11,-10,0,0,22,0,0,1216.024917917717,56,0,0,0,0,0,0,0,0,0,0,0,0,0,0,0,0,0,0,0,0,molto basso,molto basso,molto basso,molto basso,molto basso,molto basso,molto basso,molto basso,molto basso,molto basso,molto basso,molto basso,molto basso,molto basso,molto basso,molto basso,molto basso,0,0,0,0,0,0,0,0,0,0,0,0,0,0,0,0,0,0,0,76,28,13,-1.2
5112,2024-12-03 23:00:00+00:00,89,0,0,440,2024-12-03T23:00:00Z,2952.877223661608,0,11,-10,0,0,22,0,0,1216.024917917717,56,0,0,0,0,0,0,0.004041555227339632,0,0,0,0,0,0.016552340062874957,0,0,0,0,0,0,0.0063978416212889695,molto basso,molto basso,molto basso,molto basso,molto basso,molto basso,molto basso,molto basso,molto basso,molto basso,molto basso,molto basso,molto basso,molto basso,molto basso,molto basso,molto basso,0,0,0,0,0,0,0,0,0,0,0,0,0,0,0,0,0,1,0.2,79,43,8.5,-0.2
5112,2024-12-04 23:00:00+00:00,89,0,0,440,2024-12-04T23:00:00Z,2955.8133217604313,0,11,-10,0,0,22,0,0.1645660519676018,1216.1894839696845,56,0,0,0,0,0.21829239511379062,0,0.25862793285180796,0,0,0.0839373215549641,0,0.09944334804258115,0.8221197682503378,0.9543698381431878,0,0.0839373215549641,0.073581448484683,0,0.02523760751437998,0.40104562092179963,molto basso,molto basso,molto basso,molto basso,molto basso,molto basso,molto basso,molto basso,molto basso,molto basso,molto basso,molto basso,molto basso,molto basso,molto basso,molto basso,molto basso,0,0,0,0,0,0,0,0,0,0,0,0,0,0,0,0,0,3,0.2,93,66,10.3,5.2
5112,2024-12-05 23:00:00+00:00,89,0,0,440,2024-12-05T23:00:00Z,2955.8133217604313,0,11,-10,0,0,22,0,0,1216.1894839696845,56,0,0,0,0,0,0,0.00016287786427337993,0,0,0,0,0,0.0006871252161598438,0,0,0,0,0,0,0.0002583043468556415,molto basso,molto basso,molto basso,molto basso,molto basso,molto basso,molto basso,molto basso,molto basso,molto basso,molto basso,molto basso,molto basso,molto basso,molto basso,molto basso,molto basso,0,0,0,0,0,0,0,0,0,0,0,0,0,0,0,0,0,1,0.2,76,34,10.1,-1.3
5112,2024-12-06 23:00:00+00:00,89,0,0,440,2024-12-06T23:00:00Z,2955.8133217604313,0,11,-10,0,0,22,0,0,1216.1894839696845,56,0,0,0,0,0,0,0,0,0,0,0,0,0,0,0,0,0,0,0,0,molto basso,molto basso,molto basso,molto basso,molto basso,molto basso,molto basso,molto basso,molto basso,molto basso,molto basso,molto basso,molto basso,molto basso,molto basso,molto basso,molto basso,0,0,0,0,0,0,0,0,0,0,0,0,0,0,0,0,0,0,0,74,41,6.7,-1.6
5112,2024-12-07 23:00:00+00:00,89,0,0,440,2024-12-07T23:00:00Z,2955.8133217604313,0,11,-10,0,0,22,0,0,1216.1894839696845,56,0,0,0,0,0,0,0,0,0,0,0,0,0,0,0,0,0,0,0,0,molto basso,molto basso,molto basso,molto basso,molto basso,molto basso,molto basso,molto basso,molto basso,molto basso,molto basso,molto basso,molto basso,molto basso,molto basso,molto basso,molto basso,0,0,0,0,0,0,0,0,0,0,0,0,0,0,0,0,0,0,0,69,29,8.3,-3.9
5112,2024-12-08 23:00:00+00:00,89,0,0,440,2024-12-08T23:00:00Z,2958.460060007153,0,11,-10,0,0,22,0,1.322721432128274,1217.5122054018127,56,0,0,0,0,3.2643813548140095,0.1300085353109247,2.7593201271772347,0,0,1.3272066796815845,0,1.5614041755864796,8.33895237501075,11.549437079423118,0,1.3272066796815845,1.1681735380748353,0,0.6032990744096038,4.255336236495652,molto basso,basso,molto basso,basso,molto basso,molto basso,molto basso,molto basso,medio,alto,alto,molto basso,molto basso,molto basso,molto basso,molto basso,basso,0,1,0,1,0,0,0,0,2,3,3,0,0,0,0,0,1,17,31.000000000000004,95,72,9.9,5.8
5112,2024-12-09 23:00:00+00:00,89,0,0,440,2024-12-09T23:00:00Z,2959.962931959585,0,11,-10,0,0,22,0,0,1217.5122054018127,56,0,0,0,0,0,0,0.029776856809681222,0,0,0,0,0,0.11721774490733795,0,0,0,0,0,0,0.047014966533933576,molto basso,molto basso,molto basso,molto basso,molto basso,molto basso,molto basso,molto basso,molto basso,molto basso,molto basso,molto basso,molto basso,molto basso,molto basso,molto basso,molto basso,0,0,0,0,0,0,0,0,0,0,0,0,0,0,0,0,0,2,0,87,60,8.7,3.2
5112,2024-12-10 23:00:00+00:00,89,0,0,440,2024-12-10T23:00:00Z,2962.2534118460408,0,11,-10,0,0,22,0,0.49480281107057517,1218.0070082128832,56,0,0,0,0,0.5925236110206392,0,1.165449778102956,0,0,0.21642714600679286,0,0.2580222390454644,3.8531956905466025,3.176762401638614,0,0.21642714600679286,0.18905286096123175,0,0.01247559440824697,1.814351181021096,molto basso,molto basso,molto basso,molto basso,molto basso,molto basso,molto basso,molto basso,molto basso,medio,basso,molto basso,molto basso,molto basso,molto basso,molto basso,molto basso,0,0,0,0,0,0,0,0,0,2,1,0,0,0,0,0,0,12,0.2,93,66,10.2,5.2
5112,2024-12-11 23:00:00+00:00,89,0,0,440,2024-12-11T23:00:00Z,2962.5197591540136,0,11,-10,0,0,22,0,0,1218.0070082128832,56,0,0,0,0,0,0,0,0,0,0,0,0,0,0,0,0,0,0,0,0,molto basso,molto basso,molto basso,molto basso,molto basso,molto basso,molto basso,molto basso,molto basso,molto basso,molto basso,molto basso,molto basso,molto basso,molto basso,molto basso,molto basso,0,0,0,0,0,0,0,0,0,0,0,0,0,0,0,0,0,0,0,81,39,11,0.4
5112,2024-12-12 23:00:00+00:00,89,0,0,440,2024-12-12T23:00:00Z,2962.5197591540136,0,11,-10,0,0,22,0,0,1218.0070082128832,56,0,0,0,0,0,0,0,0,0,0,0,0,0,0,0,0,0,0,0,0,molto basso,molto basso,molto basso,molto basso,molto basso,molto basso,molto basso,molto basso,molto basso,molto basso,molto basso,molto basso,molto basso,molto basso,molto basso,molto basso,molto basso,0,0,0,0,0,0,0,0,0,0,0,0,0,0,0,0,0,0,0,77,35,10.1,-1
5112,2024-12-13 23:00:00+00:00,89,0,0,440,2024-12-13T23:00:00Z,2962.5197591540136,0,11,-10,0,0,22,0,0,1218.0070082128832,56,0,0,0,0,0,0,0,0,0,0,0,0,0,0,0,0,0,0,0,0,molto basso,molto basso,molto basso,molto basso,molto basso,molto basso,molto basso,molto basso,molto basso,molto basso,molto basso,molto basso,molto basso,molto basso,molto basso,molto basso,molto basso,0,0,0,0,0,0,0,0,0,0,0,0,0,0,0,0,0,1,0.2,71,31,8.3,-3.2
5112,2024-12-14 23:00:00+00:00,89,0,0,440,2024-12-14T23:00:00Z,2962.641611577871,0,11,-10,0,0,22,0,0,1218.0070082128832,56,0,0,0,0,0,0,0.03122265106595825,0,0,0,0,0,0.1252620444204514,0,0,0,0,0,0,0.04935944191630766,molto basso,molto basso,molto basso,molto basso,molto basso,molto basso,molto basso,molto basso,molto basso,molto basso,molto basso,molto basso,molto basso,molto basso,molto basso,molto basso,molto basso,0,0,0,0,0,0,0,0,0,0,0,0,0,0,0,0,0,4,0.6000000000000001,86,57,8.6,2.7
5112,2024-12-15 23:00:00+00:00,89,0,0,440,2024-12-15T23:00:00Z,2962.641611577871,0,11,-10,0,0,22,0,0,1218.0070082128832,56,0,0,0,0,0,0,0,0,0,0,0,0,0,0,0,0,0,0,0,0,molto basso,molto basso,molto basso,molto basso,molto basso,molto basso,molto basso,molto basso,molto basso,molto basso,molto basso,molto basso,molto basso,molto basso,molto basso,molto basso,molto basso,0,0,0,0,0,0,0,0,0,0,0,0,0,0,0,0,0,0,0,80,42,9.2,0.1
5112,2024-12-16 23:00:00+00:00,89,0,0,440,2024-12-16T23:00:00Z,2962.641611577871,0,11,-10,0,0,22,0,0,1218.0070082128832,56,0,0,0,0,0,0,0,0,0,0,0,0,0,0,0,0,0,0,0,0,molto basso,molto basso,molto basso,molto basso,molto basso,molto basso,molto basso,molto basso,molto basso,molto basso,molto basso,molto basso,molto basso,molto basso,molto basso,molto basso,molto basso,0,0,0,0,0,0,0,0,0,0,0,0,0,0,0,0,0,1,0.2,77,63,3.7,0.9
5112,2024-12-17 23:00:00+00:00,89,0,0,440,2024-12-17T23:00:00Z,2962.641611577871,0,11,-10,0,0,22,0,0,1218.0070082128832,56,0,0,0,0,0,0,0,0,0,0,0,0,0,0,0,0,0,0,0,0,molto basso,molto basso,molto basso,molto basso,molto basso,molto basso,molto basso,molto basso,molto basso,molto basso,molto basso,molto basso,molto basso,molto basso,molto basso,molto basso,molto basso,0,0,0,0,0,0,0,0,0,0,0,0,0,0,0,0,0,0,0,82,56,6.8,1.4
5112,2024-12-18 23:00:00+00:00,89,0,0,440,2024-12-18T23:00:00Z,2962.641611577871,0,11,-10,0,0,22,0,0,1218.0070082128832,56,0,0,0,0,0,0,0.00016287786427337993,0,0,0,0,0,0.0006871252161598438,0,0,0,0,0,0,0.0002583043468556415,molto basso,molto basso,molto basso,molto basso,molto basso,molto basso,molto basso,molto basso,molto basso,molto basso,molto basso,molto basso,molto basso,molto basso,molto basso,molto basso,molto basso,0,0,0,0,0,0,0,0,0,0,0,0,0,0,0,0,0,1,0.2,80,43,9.2,0.4
5112,2024-12-19 23:00:00+00:00,89,0,0,440,2024-12-19T23:00:00Z,2963.2436376896485,0,11,-10,0,0,22,0,0.46932895920678924,1218.4763371720899,56,0,0,0,0,0.7762066624344749,0,1.228399053899611,0,0,0.28860068446211284,0,0.3433328642557378,4.051349384894642,3.864844009639197,0,0.28860068446211284,0.2523999700777093,0,0.03389284521154476,1.911421691810395,molto basso,molto basso,molto basso,molto basso,molto basso,molto basso,molto basso,molto basso,molto basso,medio,medio,molto basso,molto basso,molto basso,molto basso,molto basso,molto basso,0,0,0,0,0,0,0,0,0,2,2,0,0,0,0,0,0,14,5.799999999999999,89,73,6.9,4.1
5112,2024-12-20 23:00:00+00:00,89,0,0,440,2024-12-20T23:00:00Z,2965.404241530785,0,11,-10,0,0,22,0,0.7912960638570821,1219.267633235947,56,0,0,0,0,2.743062185790844,0.05899515407745534,2.6932540011662938,0,0,1.0879800532567234,0,1.2839835371104455,8.398127346537935,10.639626552036331,0,1.0879800532567234,0.9558732283682596,0,0.41683368313206065,4.166828842525914,molto basso,basso,molto basso,basso,molto basso,molto basso,molto basso,molto basso,basso,alto,alto,molto basso,molto basso,molto basso,molto basso,molto basso,basso,0,1,0,1,0,0,0,0,1,3,3,0,0,0,0,0,1,8,9.799999999999999,83,47,9.9,1.5
5112,2024-12-21 23:00:00+00:00,89,0,0,440,2024-12-21T23:00:00Z,2965.404241530785,0,11,-10,0,0,22,0,0,1219.267633235947,56,0,0,0,0,0,0,0,0,0,0,0,0,0,0,0,0,0,0,0,0,molto basso,molto basso,molto basso,molto basso,molto basso,molto basso,molto basso,molto basso,molto basso,molto basso,molto basso,molto basso,molto basso,molto basso,molto basso,molto basso,molto basso,0,0,0,0,0,0,0,0,0,0,0,0,0,0,0,0,0,1,0.2,74,33,9.2,-2.2
5112,2024-12-22 23:00:00+00:00,89,0,0,440,2024-12-22T23:00:00Z,2965.404241530785,0,11,-10,0,0,22,0,0,1219.267633235947,56,0,0,0,0,0,0,0.041007143524057287,0,0,0,0,0,0.1589901276950175,0,0,0,0,0,0,0.06467851728069468,molto basso,molto basso,molto basso,molto basso,molto basso,molto basso,molto basso,molto basso,molto basso,molto basso,molto basso,molto basso,molto basso,molto basso,molto basso,molto basso,molto basso,0,0,0,0,0,0,0,0,0,0,0,0,0,0,0,0,0,3,1.8,72,48,4.1,-1.5
5112,2024-12-23 23:00:00+00:00,89,0,0,440,2024-12-23T23:00:00Z,2965.404241530785,0,11,-10,0,0,22,0,0.49533246934249214,1219.7629657052894,56,0,0,0,0.09872939433249736,0.812641841214602,0.24718185681767257,0.47117375360368313,0.023605311134181805,0,0.4545432574182878,0.08874701690177375,0.5137131849719377,1.0837883821300496,0.5314008309445204,0.03922478768123012,0.4545432574182878,0.4097283970672056,0,0.3997559587313378,0.6981283001920471,molto basso,molto basso,molto basso,molto basso,molto basso,molto basso,molto basso,molto basso,molto basso,molto basso,molto basso,molto basso,molto basso,molto basso,molto basso,molto basso,molto basso,0,0,0,0,0,0,0,0,0,0,0,0,0,0,0,0,0,1,0.2,79,36,11.4,-0.1
5112,2024-12-24 23:00:00+00:00,89,0,0,440,2024-12-24T23:00:00Z,2965.404241530785,0,11,-10,0,0,22,0,0,1219.7629657052894,56,0,0,0,0,0,0,0,0,0,0,0,0,0,0,0,0,0,0,0,0,molto basso,molto basso,molto basso,molto basso,molto basso,molto basso,molto basso,molto basso,molto basso,molto basso,molto basso,molto basso,molto basso,molto basso,molto basso,molto basso,molto basso,0,0,0,0,0,0,0,0,0,0,0,0,0,0,0,0,0,0,0,69,23,11.2,-4.3
5112,2024-12-25 23:00:00+00:00,89,0,0,440,2024-12-25T23:00:00Z,2965.404241530785,0,11,-10,0,0,22,0,0,1219.7629657052894,56,0,0,0,0,0,0,0,0,0,0,0,0,0,0,0,0,0,0,0,0,molto basso,molto basso,molto basso,molto basso,molto basso,molto basso,molto basso,molto basso,molto basso,molto basso,molto basso,molto basso,molto basso,molto basso,molto basso,molto basso,molto basso,0,0,0,0,0,0,0,0,0,0,0,0,0,0,0,0,0,0,0,72,25,12.1,-3.1
5112,2024-12-26 23:00:00+00:00,89,0,0,440,2024-12-26T23:00:00Z,2965.404241530785,0,11,-10,0,0,22,0,0,1219.7629657052894,56,0,0,0,0,0,0,0,0,0,0,0,0,0,0,0,0,0,0,0,0,molto basso,molto basso,molto basso,molto basso,molto basso,molto basso,molto basso,molto basso,molto basso,molto basso,molto basso,molto basso,molto basso,molto basso,molto basso,molto basso,molto basso,0,0,0,0,0,0,0,0,0,0,0,0,0,0,0,0,0,0,0,71,27,10.4,-3.4
5112,2024-12-27 23:00:00+00:00,89,0,0,440,2024-12-27T23:00:00Z,2965.404241530785,0,11,-10,0,0,22,0,0,1219.7629657052894,56,0,0,0,0,0,0,0,0,0,0,0,0,0,0,0,0,0,0,0,0,molto basso,molto basso,molto basso,molto basso,molto basso,molto basso,molto basso,molto basso,molto basso,molto basso,molto basso,molto basso,molto basso,molto basso,molto basso,molto basso,molto basso,0,0,0,0,0,0,0,0,0,0,0,0,0,0,0,0,0,0,0,76,28,12.9,-1.3
5112,2024-12-28 23:00:00+00:00,89,0,0,440,2024-12-28T23:00:00Z,2965.404241530785,0,11,-10,0,0,22,0,0,1219.7629657052894,56,0,0,0,0,0,0,0,0,0,0,0,0,0,0,0,0,0,0,0,0,molto basso,molto basso,molto basso,molto basso,molto basso,molto basso,molto basso,molto basso,molto basso,molto basso,molto basso,molto basso,molto basso,molto basso,molto basso,molto basso,molto basso,0,0,0,0,0,0,0,0,0,0,0,0,0,0,0,0,0,0,0,70,20,15.1,-3
5112,2024-12-29 23:00:00+00:00,89,0,0,440,2024-12-29T23:00:00Z,2966.669296779376,0,11,-10,0,0,22,0,0,1219.7629657052894,56,0,0,0,0,0,0,0,0,0,0,0,0,0,0,0,0,0,0,0,0,molto basso,molto basso,molto basso,molto basso,molto basso,molto basso,molto basso,molto basso,molto basso,molto basso,molto basso,molto basso,molto basso,molto basso,molto basso,molto basso,molto basso,0,0,0,0,0,0,0,0,0,0,0,0,0,0,0,0,0,0,0,72,22,15.1,-2.2999999997652303
5112,2024-12-30 23:00:00+00:00,89,0,0,440,2024-12-30T23:00:00Z,2967.905932574257,0,11,-10,0,0,22,0,0,1219.7629657052894,56,0,0,0,0,0,0,0,0,0,0,0,0,0,0,0,0,0,0,0,0,molto basso,molto basso,molto basso,molto basso,molto basso,molto basso,molto basso,molto basso,molto basso,molto basso,molto basso,molto basso,molto basso,molto basso,molto basso,molto basso,molto basso,0,0,0,0,0,0,0,0,0,0,0,0,0,0,0,0,0,0,0,72,22,15.099999999999998,-2.2999999995304607
5112,2024-12-31 23:00:00+00:00,89,0,0,440,2024-12-31T23:00:00Z,2967.905932574257,0,11,-10,0,0,22,0,0,1219.7629657052894,56,0,0,0,0,0.021078449241213396,0,0.15259673070241708,0,0,0.007370420135523092,0,0.008833353929630094,0.5416307988547852,0.13405498385490563,0,0.007370420135523092,0.0064192382989509585,0,0,0.23898001050518708,molto basso,molto basso,molto basso,molto basso,molto basso,molto basso,molto basso,molto basso,molto basso,molto basso,molto basso,molto basso,molto basso,molto basso,molto basso,molto basso,molto basso,0,0,0,0,0,0,0,0,0,0,0,0,0,0,0,0,0,11,0,100,62,11.8,-0.8899999995904357
